Workbook

Sheet Sheet1
A1: Creator | B1: TT Link | D1: Status | F1: Creator | G1: TT Link | H1: Email | I1: Status | K1: Creator | L1: TT Link | M1: Email | N1: Status | P1: Creator | Q1: TT Link | R1: email | S1: Status | U1: Creator | V1: TT Link | X1: Status | Z1: Creator | AA1: TT Link | AC1: Status | AE1: Creator | AF1: TT Link | AH1: Status | AJ1: Creator | AK1: TT Link | AL1: Email | AM1: Status | AO1: Creator | AP1: TT Link | AR1: Status | AT1: Creator | AU1: TT Link | AW1: Status | AY1: Creator | AZ1: TT Link | BB1: Status | BD1: Creator | BE1: TT Link | BF1: email | BG1: Status | BI1: Creator | BJ1: TT Link | BL1: Status
A2: #1: YOU REMEMBER YOU HAVE FREE WILL | F2: #2: food challenge pt2 (where to eat) | K2: #3: MY FAV HIS FAV | P2: #4: ROCK PAPER SCISSORS CHALLENGE | U2: #5: OH WERE U WAITING FOR THAT BOX TO HIT ME | Z2: #6: I'm trying my best | AE2: #7: WHERE?? CHALLENGE | AJ2: #8: HOW MUCH DO I OWE YOU | AO2: #9: how to bait n kidnap me | AT2: #10: sorry we're late, __ throwing a fit | AY2: #11: Holy fkn airball | BD2: #12: Im having sm fun / but we're just doing _ | BI2: #13: target challenge
A3: clairelysse | B3: https://www.tiktok.com/@clairelysse/video/7487790901935279368?is_from_webapp=1&sender_device=pc&web_id=7529868947924829714 | C3: 0129clrc@gmail.com | D3: Consented, Not Included | F3: troubelleee | G3: https://vt.tiktok.com/ZSDS2Rk6b/ | H3: deleted | I3: Consented, Not Included | K3: ravethecrave | L3: https://vt.tiktok.com/ZSAVXhMLG/ | N3: Messaged | P3: adeline.higley | Q3: https://vt.tiktok.com/ZSAVp4tJm/ | S3: Messaged | U3: presello.official | V3: https://vt.tiktok.com/ZSAVskq1w/ | W3: NEW | X3: Consented | Z3: seoul.drop | AA3: https://www.tiktok.com/@seoul.drop/video/7537034038679244062?is_from_webapp=1&sender_device=pc&web_id=7529858502199395858 | AC3: Messaged | AE3: thejulysocial | AF3: https://vt.tiktok.com/ZSAVQLVHV/ | AG3: hello@thejulysocial.com | AH3: Consented | AJ3: kiannady_ | AK3: https://vt.tiktok.com/ZSAVQgjDc/ | AO3: laneigeca | AP3: https://www.tiktok.com/@laneigeca/video/7473887935046110519?is_from_webapp=1&sender_device=pc&web_id=7529868947924829714 | AR3: Messaged | AT3: kiannady_ | AU3: https://www.tiktok.com/@kiannady_/video/7539847364056763655?is_from_webapp=1&sender_device=pc&web_id=7529868947924829714 | AY3: tenten.io | AZ3: https://vt.tiktok.com/ZSAVWJoUX/ | BB3: Messaged | BD3: _cjma | BE3: https://www.tiktok.com/@_cjma/video/7486125299793415446?is_from_webapp=1&sender_device=pc&web_id=7529858502199395858 | BG3: Messaged | BI3: ashandwhit | BJ3: https://www.tiktok.com/@ashandwhit/video/7526376199342312734?is_from_webapp=1&sender_device=pc&web_id=7529868947924829714 | BK3: ashleyandwhitty@gmail.com | BL3: Messaged
A4: thehanniediaries | B4: https://www.tiktok.com/@thehanniediaries/video/7476572873746894122?is_from_webapp=1&sender_device=pc&web_id=7529868947924829714 | C4: ariel@ozlaneagency.com | D4: Messaged | F4: f_fabes | G4: https://vt.tiktok.com/ZSDA5fKct/ | I4: Consented, Not Included | K4: adelinehkim | L4: https://vt.tiktok.com/ZSAVXUhwh/ | M4: adeline@repertoire.us | N4: Messaged | P4: karenchavezzzz | Q4: https://vt.tiktok.com/ZSAVW3B6J/ | S4: Messaged | U4: decathlonph | V4: https://vt.tiktok.com/ZSAVpEWAr/ | X4: Messaged | Z4: jaczdrivein | AA4: https://www.tiktok.com/@jaczdrivein/video/7535961624058858783?is_from_webapp=1&sender_device=pc&web_id=7529858502199395858 | AC4: Messaged | AE4: zigzag.careers | AF4: https://vt.tiktok.com/ZSAVQjUXw/ | AH4: Consented | AJ4: esnyrrr | AK4: https://vt.tiktok.com/ZSAVQcb7P/ | AM4: Messaged | AO4: chatimeph | AP4: https://www.tiktok.com/@chatimeph/video/7476419939264630034?is_from_webapp=1&sender_device=pc&web_id=7529868947924829714 | AR4: Messaged | AT4: samantha.franz | AU4: https://www.tiktok.com/@samantha.franz/video/7539428103076990215?is_from_webapp=1&sender_device=pc&web_id=7529868947924829714 | AW4: Messaged | AY4: bagel_yass.collec | AZ4: https://vt.tiktok.com/ZSAVnQH3F/ | BB4: Consented | BD4: danipenano | BE4: https://www.tiktok.com/@danipenano/video/7514910935954525448?is_from_webapp=1&sender_device=pc&web_id=7529858502199395858 | BG4: Messaged | BI4: kaylarosegibson | BJ4: https://www.tiktok.com/@kaylarosegibson/video/7490299170658503954?is_from_webapp=1&sender_device=pc&web_id=7529868947924829714 | BK4: kaylarose.mgt@gmail.com | BL4: Messaged | BN4: first 5 trends: 1,2,5,7,8 | BO4: https://www.canva.com/design/DAGx6OzNxbU/AHmLLtEl4KHZNdaoA9BrRA/edit
A5: k.wamp | B5: https://www.tiktok.com/@k.wamp/video/7374153120483478827?is_from_webapp=1&sender_device=pc&web_id=7529868947924829714 | C5: gabby@alorasociety.com | D5: Consented | F5: mjhaidel | G5: https://vt.tiktok.com/ZSDA55Va1/ | I5: Consented | K5: sarahh.ongg | L5: https://vt.tiktok.com/ZSAVXMChs/ | M5: sarahhongg23@gmail.com | N5: Messaged | P5: michelle.gacasan | Q5: https://vt.tiktok.com/ZSAVWvYwa/ | S5: Messaged | U5: lpub.jpa | V5: https://vt.tiktok.com/ZSAVsYPTB/ | X5: Consented, Not Included | Z5: ouncecoffee | AA5: https://www.tiktok.com/@ouncecoffee/video/7539578267213303054?is_from_webapp=1&sender_device=pc&web_id=7529858502199395858 | AC5: Messaged | AE5: securitybankcareers | AF5: https://vt.tiktok.com/ZSAVxTjsV/ | AH5: Consented | AJ5: retractables.ph | AK5: https://vt.tiktok.com/ZSAVQtA1Q/ | AM5: Messaged | AO5: theoriginote.ph | AP5: https://www.tiktok.com/@theoriginote.ph/video/7501638878785326344?is_from_webapp=1&sender_device=pc&web_id=7529868947924829714 | AR5: Messaged | AT5: kailady | AU5: https://www.tiktok.com/@kailady/video/7539571671703784711?is_from_webapp=1&sender_device=pc&web_id=7529868947924829714 | AW5: Messaged | AY5: nikishen1025 | AZ5: https://vt.tiktok.com/ZSAVnb5yf/ | BB5: Messaged | BD5: fallinginsociety | BE5: https://www.tiktok.com/@fallinginsociety/video/7525815822405651725?is_from_webapp=1&sender_device=pc&web_id=7529858502199395858 | BG5: Messaged | BI5: abbieherbert | BJ5: https://www.tiktok.com/@abbieherbert/video/6869848082406821125?is_from_webapp=1&sender_device=pc&web_id=7529868947924829714 | BK5: TeamAbbieHerbert@gersh.com | BL5: Messaged | BN5: last 5 tends: 9,10,11,12,13 | BO5: https://www.canva.com/design/DAGzfIt7Tq8/vqD-yMhEBHhBtpt6SEBX6w/edit?ui=eyJIIjp7IkEiOnRydWV9fQ
A6: momshieodille | B6: https://www.tiktok.com/@momshieodille/video/7455549600980634888?is_from_webapp=1&sender_device=pc&web_id=7529868947924829714 | C6: odillekathrina@yahoo.com.ph | D6: Messaged | F6: sukishiyokoo | G6: https://vt.tiktok.com/ZSDA5eTt1/ | I6: Messaged | K6: dailydoseofjos | L6: https://vt.tiktok.com/ZSAVXYVdL/ | M6: josiellisinquiry1@gmail.com | N6: Messaged | P6: bobbylightss01 | Q6: https://vt.tiktok.com/ZSAVWbmJd/ | S6: Messaged | U6: completewedo | V6: https://vt.tiktok.com/ZSAVsDAAW/ | X6: Messaged | Z6: parallaxcoffeelab | AA6: https://www.tiktok.com/@parallaxcoffeelab/video/7535135254219164942?is_from_webapp=1&sender_device=pc&web_id=7529858502199395858 | AC6: Messaged | AE6: parlonph | AF6: https://vt.tiktok.com/ZSAVxsP39/ | AG6: hello@parlon.world | AH6: Messaged | AJ6: sharladavyna | AK6: https://vt.tiktok.com/ZSAVQbsEa/ | AM6: Messaged | AO6: gvnthelabel | AP6: https://www.tiktok.com/@gvnthelabel/video/7507247501431311623?is_from_webapp=1&sender_device=pc&web_id=7529868947924829714 | AR6: Messaged | AT6: kare.bautista | AU6: https://www.tiktok.com/@kare.bautista/video/7530972681924087057?is_from_webapp=1&sender_device=pc&web_id=7529868947924829714 | AW6: Cannot message | AY6: gabriella.sally | AZ6: https://vt.tiktok.com/ZSAVWNaHL/ | BB6: Consented | BD6: mila.magnani | BE6: https://www.tiktok.com/@mila.magnani/video/7484311872817106219?is_from_webapp=1&sender_device=pc&web_id=7529858502199395858 | BG6: Messaged | BI6: simplyivee | BJ6: https://www.tiktok.com/@simplyivee/video/7119152830182690091?is_from_webapp=1&sender_device=pc&web_id=7529868947924829714 | BK6: richard.cooler.mgmt@gmail.com | BL6: Consented, Not Included | BM6: kakaconsent lang
A7: gelamac_ | B7: https://www.tiktok.com/@gelamac_/video/7505661542025743621?is_from_webapp=1&sender_device=pc&web_id=7529868947924829714 | C7: gelamacalalad@gmail.com | D7: Messaged | F7: nvocal123 | G7: https://vt.tiktok.com/ZSDA5w11C/ | I7: Consented | K7: sarahmgaeta | L7: https://vt.tiktok.com/ZSAVXfNAB/ | N7: Messaged | P7: yonmiin | Q7: https://vt.tiktok.com/ZSAV76qKk/ | S7: Messaged | U7: tjtheaterarts | V7: https://vt.tiktok.com/ZSAVsBq2s/ | X7: Messaged | Z7: pjscoffeepensacola | AA7: https://www.tiktok.com/@pjscoffeepensacola/video/7540995085467438349?is_from_webapp=1&sender_device=pc&web_id=7529858502199395858 | AC7: Consented | AE7: kfoandmanders | AF7: https://vt.tiktok.com/ZSAVQJDKc/ | AH7: Messaged | AJ7: aaalxandra | AK7: https://vt.tiktok.com/ZSAVCSdJP/ | AM7: Consented | AO7: spencer.barbosa | AP7: https://www.tiktok.com/@spencer.barbosa/video/7470307135851695366?is_from_webapp=1&sender_device=pc&web_id=7529868947924829714 | AR7: Messaged | AT7: h.akd0g | AU7: https://www.tiktok.com/@h.akd0g/video/7533174782536338695?is_from_webapp=1&sender_device=pc&web_id=7529868947924829714 | AW7: Consented, Not Included | AY7: jackiecamardo | AZ7: https://vt.tiktok.com/ZSAVWAvDL/ | BB7: Messaged | BD7: vivianagalvezz | BE7: https://www.tiktok.com/@vivianagalvezz/video/7518548197925555470?is_from_webapp=1&sender_device=pc&web_id=7529858502199395858 | BG7: Messaged | BI7: aili.likes.adventure | BJ7: https://www.tiktok.com/@aili.likes.adventure/video/7514489015815441707?is_from_webapp=1&sender_device=pc&web_id=7529868947924829714 | BK7: aili@nextintalent.com | BL7: Messaged
A8: ateshi___ | B8: https://www.tiktok.com/@ateshi___/video/7492043988241763639?is_from_webapp=1&sender_device=pc&web_id=7529868947924829714 | D8: Messaged | F8: chobaniflippp | G8: https://vt.tiktok.com/ZSDA53WXK/ | H8: deleted mid study | I8: Consented | K8: caitlinandbecca1 | L8: https://vt.tiktok.com/ZSAVXpPNr/ | N8: Messaged | P8: sha.madiii | Q8: https://vt.tiktok.com/ZSAVWEFv7/ | S8: Messaged | U8: jgworldwide | V8: https://vt.tiktok.com/ZSAVs8Y9Y/ | W8: send results | X8: Consented, Not Included | Z8: nrmitabnita | AA8: https://www.tiktok.com/@nrmitabnita/video/7541541464795319566?is_from_webapp=1&sender_device=pc&web_id=7529858502199395858 | AC8: Messaged | AE8: a.alaynaa_ | AF8: https://vt.tiktok.com/ZSAVx3bEP/ | AH8: Messaged | AJ8: heart_avii | AK8: https://vt.tiktok.com/ZSAVCP7GR/ | AL8: heartavii.contact@gmail.com | AM8: Consented | AO8: kristyna.zamcova | AP8: https://www.tiktok.com/@kristyna.zamcova/video/7473509616186314006?is_from_webapp=1&sender_device=pc&web_id=7529868947924829714 | AR8: Messaged | AT8: awrabriguela | AU8: https://www.tiktok.com/@awrabriguela/video/7542098494325280008?is_from_webapp=1&sender_device=pc&web_id=7529868947924829714 | AW8: Messaged | AY8: allenvert | AZ8: https://vt.tiktok.com/ZSAVWk5C2/ | BB8: Messaged | BD8: provisions.yakima | BE8: https://www.tiktok.com/@provisions.yakima/video/7515117095349259566?is_from_webapp=1&sender_device=pc&web_id=7529858502199395858 | BG8: Messaged | BI8: jessicabaio | BJ8: https://www.tiktok.com/@jessicabaio/video/6869488964395355398?is_from_webapp=1&sender_device=pc&web_id=7529868947924829714 | BL8: Messaged
A9: adv.maris | B9: https://www.tiktok.com/@adv.maris/video/7499286048913050923?is_from_webapp=1&sender_device=pc&web_id=7529868947924829714 | D9: Messaged | F9: just_thaing | G9: https://vt.tiktok.com/ZSDA5Hb7N/ | I9: Messaged | K9: delfinarn | L9: https://vt.tiktok.com/ZSAVXKGVH/ | N9: Messaged | P9: filippogandolfo | Q9: https://vt.tiktok.com/ZSAV7Bp8T/ | S9: Messaged | U9: ubckwave | V9: https://vt.tiktok.com/ZSAVsHpt1/ | X9: Consented | Z9: darlinsdinertx | AA9: https://www.tiktok.com/@darlinsdinertx/video/7541796609747717406?is_from_webapp=1&sender_device=pc&web_id=7529858502199395858 | AC9: Consented | AE9: shesxin | AF9: https://vt.tiktok.com/ZSAVQNo8E/ | AH9: Messaged | AJ9: casey.dasilva | AK9: https://vt.tiktok.com/ZSAVCStQf/ | AL9: inquiries.caseydasilva@gmail.com | AM9: Messaged | AO9: nausikamalshi | AP9: https://www.tiktok.com/@nausikamalshi/video/7485068513783106822?is_from_webapp=1&sender_device=pc&web_id=7529868947924829714 | AR9: Messaged | AT9: russcojarvina_ | AU9: https://www.tiktok.com/@russcojarvina_/video/7532056769934249224?is_from_webapp=1&sender_device=pc&web_id=7529868947924829714 | AW9: Messaged | AY9: sophia_hg1 | AZ9: https://vt.tiktok.com/ZSAVWrcRD/ | BB9: Consented | BD9: flywithamyangela | BE9: https://www.tiktok.com/@flywithamyangela/video/7527388566901542166?is_from_webapp=1&sender_device=pc&web_id=7529858502199395858 | BG9: Messaged | BI9: jrandblessie | BJ9: https://www.tiktok.com/@jrandblessie/video/7471463047949733162?is_from_webapp=1&sender_device=pc&web_id=7529868947924829714 | BL9: Messaged
A10: paige.braude | B10: https://www.tiktok.com/@paige.braude/video/7506666091163356462?is_from_webapp=1&sender_device=pc&web_id=7529868947924829714 | C10: paigebraude@gmail.com | D10: Consented, Not Included | F10: heytrishadae | G10: https://vt.tiktok.com/ZSDA5aWvP/ | I10: Messaged | K10: abigailcraig | L10: https://vt.tiktok.com/ZSAVXKax1/ | M10: abigailgcraigg@gmail.com | N10: Messaged | P10: 1.best.memes | Q10: https://vt.tiktok.com/ZSAV7Dmvn/ | S10: Messaged | U10: fintech.calgary | V10: https://vt.tiktok.com/ZSAVsHPde/ | W10: NEW | X10: Consented | Z10: caringtonarms_ | AA10: https://www.tiktok.com/@caringtonarms_/video/7540359115848125718?is_from_webapp=1&sender_device=pc&web_id=7529858502199395858 | AB10: ig | AC10: Messaged | AE10: belle__wilson | AF10: https://vt.tiktok.com/ZSAVxcYhJ/ | AG10: attyjcd@gmail.com | AH10: Messaged | AJ10: cocoriroo | AK10: https://vt.tiktok.com/ZSAVCUQgR/ | AM10: Consented | AO10: klaileaj | AP10: https://www.tiktok.com/@klaileaj/video/7470933959812189462?is_from_webapp=1&sender_device=pc&web_id=7529868947924829714 | AR10: Messaged | AT10: daisiesfolife | AU10: https://www.tiktok.com/@daisiesfolife/video/7531263426715258126?is_from_webapp=1&sender_device=pc&web_id=7529868947924829714 | AW10: Messaged | AY10: erinruizart | AZ10: https://vt.tiktok.com/ZSAVWr7Sv/ | BB10: Messaged | BD10: weirdsortanot | BE10: https://www.tiktok.com/@weirdsortanot/video/7480305481173716270?is_from_webapp=1&sender_device=pc&web_id=7529858502199395858 | BG10: Messaged | BI10: _addirobertson_ | BJ10: https://www.tiktok.com/@_addirobertson_/video/7471383932672511278?is_from_webapp=1&sender_device=pc&web_id=7529868947924829714 | BK10: addirobertson6@gmail.com | BL10: Messaged
A11: maligoshik | B11: https://www.tiktok.com/@maligoshik/video/7331439871468375302?is_from_webapp=1&sender_device=pc&web_id=7529868947924829714 | C11: hello@maligoshik.com | D11: Messaged | F11: aa.nomnoms | G11: https://vt.tiktok.com/ZSDAaF6f2/ | I11: Consented, Not Included | K11: laurwholooks4 | L11: https://vt.tiktok.com/ZSAVXVSTd/ | N11: Messaged | P11: kassyymiraa | Q11: https://vt.tiktok.com/ZSAV7MmfB/ | S11: Messaged | U11: fitchburgstate | V11: https://vt.tiktok.com/ZSAVsCtao/ | X11: Messaged | Z11: strangebrewcoffeein | AA11: https://www.tiktok.com/@strangebrewcoffeein/video/7536267754811313439?is_from_webapp=1&sender_device=pc&web_id=7529858502199395858 | AC11: Messaged | AE11: notnikady | AF11: https://vt.tiktok.com/ZSAVQdPGx/ | AG11: annikamdy@gmail.com | AH11: Messaged | AJ11: ellaaa.killa | AK11: https://vt.tiktok.com/ZSAVCFGDo/ | AM11: Messaged | AO11: chimamalko | AP11: https://www.tiktok.com/@chimamalko/video/7467746763433217326?is_from_webapp=1&sender_device=pc&web_id=7529868947924829714 | AR11: Messaged | AT11: kiody__ | AU11: https://www.tiktok.com/@kiody__/video/7535688484657433873?is_from_webapp=1&sender_device=pc&web_id=7529868947924829714 | AW11: Messaged | AY11: alyyyjn_ | AZ11: https://vt.tiktok.com/ZSAVWjdjD/ | BB11: Messaged | BD11: andreiiiii3636 | BE11: https://www.tiktok.com/@andreiiiii3636/video/7519020169025375495?is_from_webapp=1&sender_device=pc&web_id=7529858502199395858 | BG11: Consented | BI11: kaylarosegibson | BJ11: https://www.tiktok.com/@kaylarosegibson/video/7498116646087724306?is_from_webapp=1&sender_device=pc&web_id=7529868947924829714 | BL11: Messaged | BQ11: List of trends
A12: yas.francis | B12: https://www.tiktok.com/@yas.francis/video/7474017420135501102?is_from_webapp=1&sender_device=pc&web_id=7529868947924829714 | C12: yfrancis2022@gmail.com | D12: Messaged | F12: _joemommaaa | G12: https://vt.tiktok.com/ZSDAae8Gr/ | I12: Messaged | K12: mercedes.pomerleau | L12: https://vt.tiktok.com/ZSAVXQn7s/ | N12: Messaged | P12: snvoid | Q12: https://vt.tiktok.com/ZSAV7Sn6F/ | S12: Messaged | U12: purplebugph | V12: https://vt.tiktok.com/ZSAVsng9V/ | X12: Messaged | Z12: zimo.bakery.and.c | AA12: https://www.tiktok.com/@zimo.bakery.and.c/video/7541134698056011021?is_from_webapp=1&sender_device=pc&web_id=7529858502199395858 | AC12: Messaged | AE12: muktiorganics | AF12: https://vt.tiktok.com/ZSAVxvpK7/ | AH12: Messaged | AJ12: _pottea | AK12: https://vt.tiktok.com/ZSAVV9dhq/ | AM12: Consented | AO12: rarebreezy_shoes | AP12: https://www.tiktok.com/@rarebreezy_shoes/video/7472976795629931784?is_from_webapp=1&sender_device=pc&web_id=7529868947924829714 | AR12: Messaged | AT12: eriaaa_m | AU12: https://www.tiktok.com/@eriaaa_m/video/7541681928659848456?is_from_webapp=1&sender_device=pc&web_id=7529868947924829714 | AW12: Messaged | AY12: noa..marin | AZ12: https://vt.tiktok.com/ZSAVWaXes/ | BB12: Messaged | BD12: angelicadchvzz | BE12: https://www.tiktok.com/@angelicadchvzz/video/7477958483552259336?is_from_webapp=1&sender_device=pc&web_id=7529858502199395858 | BG12: Consented | BI12: kaylarosegibson | BJ12: https://www.tiktok.com/@kaylarosegibson/video/7482502968000957704?is_from_webapp=1&sender_device=pc&web_id=7529868947924829714 | BL12: Messaged | BQ12: you remember you have free will | BR12: =D150 -> 10
A13: griffith_uni | B13: https://www.tiktok.com/@griffith_uni/video/7465839078433492232?is_from_webapp=1&sender_device=pc&web_id=7529868947924829714 | D13: Messaged | F13: _zxick | G13: https://vt.tiktok.com/ZSDAaL3nK/ | I13: Consented | K13: claraspannaus | L13: https://vt.tiktok.com/ZSAVXVmG2/ | N13: Messaged | P13: krist..iana | Q13: https://vt.tiktok.com/ZSAV7mGK1/ | S13: Messaged | U13: cleancorpau | V13: https://vt.tiktok.com/ZSAVs4moA/ | W13: i dont rlly like pero pwede | X13: Consented | Z13: club29decherd | AA13: https://www.tiktok.com/@club29decherd/video/7535116470519336222?is_from_webapp=1&sender_device=pc&web_id=7529858502199395858 | AC13: Messaged | AE13: amo_thobye | AF13: https://vt.tiktok.com/ZSAVQLn9k/ | AG13: amothobye@gmail.com | AH13: Consented | AJ13: silly.monse | AK13: https://vt.tiktok.com/ZSAVCSvoH/ | AM13: Messaged | AO13: kristyna.zamcova | AP13: https://www.tiktok.com/@kristyna.zamcova/video/7473522329037982998?is_from_webapp=1&sender_device=pc&web_id=7529868947924829714 | AR13: Messaged | AT13: jellyaace._ | AU13: https://www.tiktok.com/@jellyaace._/video/7535085676858068231?is_from_webapp=1&sender_device=pc&web_id=7529868947924829714 | AW13: Consented | AY13: kristinagenau | AZ13: https://vt.tiktok.com/ZSAVWdJg6/ | BB13: Messaged | BD13: pladalp_ | BE13: https://www.tiktok.com/@pladalp_/video/7541651942443994423?is_from_webapp=1&sender_device=pc&web_id=7529858502199395858 | BG13: Cannot message | BI13: kaylarosegibson | BJ13: https://www.tiktok.com/@kaylarosegibson/video/7494780860902690055?is_from_webapp=1&sender_device=pc&web_id=7529868947924829714 | BL13: Messaged | BQ13: food challenge | BR13: =I150 -> 10
A14: joeando | B14: https://www.tiktok.com/@joeando/video/7165667445594934574?is_from_webapp=1&sender_device=pc&web_id=7529868947924829714 | D14: Messaged | F14: teoandsheks | G14: https://vt.tiktok.com/ZSDA5ENAG/ | I14: Messaged | K14: fallingfromgrace | L14: https://vt.tiktok.com/ZSAVXsfmc/ | N14: Consented | P14: jamsones_2 | Q14: https://vt.tiktok.com/ZSAV7X3Eq/ | S14: Messaged | U14: legacytolifted | V14: https://vt.tiktok.com/ZSAVsV2E2/ | X14: Messaged | Z14: surfshackcastlerock | AA14: https://www.tiktok.com/@surfshackcastlerock/video/7535841470595730710?is_from_webapp=1&sender_device=pc&web_id=7529858502199395858 | AB14: ig | AC14: Consented | AE14: allexadalessio | AF14: https://vt.tiktok.com/ZSAVxKDNc/ | AG14: https://www.instagram.com/allexadalessio/ | AH14: Messaged | AJ14: nathandegrn | AK14: https://vt.tiktok.com/ZSAVCNK7U/ | AM14: Messaged | AO14: mollyatmidnight | AP14: https://www.tiktok.com/@mollyatmidnight/video/7473172343464987926?is_from_webapp=1&sender_device=pc&web_id=7529868947924829714 | AR14: Messaged | AT14: bitanywatnat | AU14: https://www.tiktok.com/@bitanywatnat/video/7540573802564979975?is_from_webapp=1&sender_device=pc&web_id=7529868947924829714 | AW14: Messaged | AY14: yoyo.spaces | AZ14: https://vt.tiktok.com/ZSAVWHFHG/ | BB14: Messaged | BD14: clarrengggg | BE14: https://www.tiktok.com/@clarrengggg/video/7519760474582322450?is_from_webapp=1&sender_device=pc&web_id=7529858502199395858 | BG14: Messaged | BI14: thequistfamily | BJ14: https://www.tiktok.com/@thequistfamily/video/7466983735309913390?is_from_webapp=1&sender_device=pc&web_id=7529868947924829714 | BK14: CourtneyandAlexQuist@gmail.com | BL14: Messaged | BQ14: my fave, his fave | BR14: =N150 -> 6
A15: victoriaxmariah | B15: https://www.tiktok.com/@victoriaxmariah/video/7456976760916266286?is_from_webapp=1&sender_device=pc&web_id=7529868947924829714 | D15: Messaged | F15: inigojap | G15: https://vt.tiktok.com/ZSDAaRqGM/ | I15: Consented | K15: aylafr3din | L15: https://vt.tiktok.com/ZSAVX4Rst/ | M15: aylafredin@gmail.com | N15: Messaged | P15: itsdiamonddust | Q15: https://vt.tiktok.com/ZSAV7mLmW/ | S15: Messaged | U15: hydrogenfitness | V15: https://vt.tiktok.com/ZSAVsoxbY/ | X15: Messaged | Z15: mjscoffeebar | AA15: https://www.tiktok.com/@mjscoffeebar/video/7539950568786332934?is_from_webapp=1&sender_device=pc&web_id=7529858502199395858 | AC15: Messaged | AE15: alyssanaka | AF15: https://vt.tiktok.com/ZSAVQYq2y/ | AG15: AlyssaNakaSilver@gmail.com | AH15: Messaged | AJ15: douknowkent | AK15: https://vt.tiktok.com/ZSAVCuuyX/ | AM15: Consented | AO15: skylar_diecast | AP15: https://www.tiktok.com/@skylar_diecast/video/7479268371700223240?is_from_webapp=1&sender_device=pc&web_id=7529868947924829714 | AR15: Consented | AT15: louiemrn | AU15: https://www.tiktok.com/@louiemrn/video/7534307314237443335?is_from_webapp=1&sender_device=pc&web_id=7529868947924829714 | AW15: Consented | AY15: auv.n.jack | AZ15: https://www.tiktok.com/@auv.n.jack/video/7519508979634949431?is_from_webapp=1&sender_device=pc&web_id=7529858502199395858 | BB15: Messaged | BD15: migmiggymig | BE15: https://www.tiktok.com/@migmiggymig/video/7487622680309419286?is_from_webapp=1&sender_device=pc&web_id=7529858502199395858 | BG15: Consented | BI15: aubrayandbailey | BJ15: https://www.tiktok.com/@aubrayandbailey/video/7277775628546395422?is_from_webapp=1&sender_device=pc&web_id=7529868947924829714 | BK15: collabs@aubrayandbailey.com | BL15: Messaged | BQ15: rock paper scissors food challenge | BR15: =S150 -> 7
A16: volkswagensg | B16: https://www.tiktok.com/@volkswagensg/video/7476028960699206930?is_from_webapp=1&sender_device=pc&web_id=7529868947924829714 | D16: Messaged | F16: gl_jz | G16: https://vt.tiktok.com/ZSDA5EBqo/ | I16: Messaged | K16: isabelletrotter | L16: https://vt.tiktok.com/ZSAVXueuC/ | M16: isabellegtrotter@gmail.com | N16: Messaged | P16: ellexismoss | Q16: https://vt.tiktok.com/ZSAV7xjHS/ | S16: Messaged | U16: pixiogaming | V16: https://vt.tiktok.com/ZSAqcprMf/ | X16: Consented | Z16: 278nutrition | AA16: https://www.tiktok.com/@278nutrition/video/7538411940561898782?is_from_webapp=1&sender_device=pc&web_id=7529858502199395858 | AC16: Messaged | AE16: kaemia | AF16: https://vt.tiktok.com/ZSAVxEF9R/ | AH16: Did not consent | AJ16: jessicafakhri | AK16: https://vt.tiktok.com/ZSAVCrFvc/ | AM16: Messaged | AO16: anastasia.c.chronicles | AP16: https://www.tiktok.com/@anastasia.c.chronicles/video/7468981725352201505?is_from_webapp=1&sender_device=pc&web_id=7529868947924829714 | AR16: Messaged | AT16: andweaso | AU16: https://www.tiktok.com/@andweaso/video/7532105050844417288?is_from_webapp=1&sender_device=pc&web_id=7529868947924829714 | AW16: Messaged | AY16: mikaylademaiterr | AZ16: https://www.tiktok.com/@mikaylademaiterr/video/7509206684959608070?is_from_webapp=1&sender_device=pc&web_id=7529858502199395858 | BB16: Messaged | BD16: _marghsss | BE16: https://www.tiktok.com/@_marghsss/video/7512255755878223146?is_from_webapp=1&sender_device=pc&web_id=7529858502199395858 | BG16: Messaged | BI16: andreaandlewis | BJ16: https://www.tiktok.com/@andreaandlewis/video/6870581248448908549?is_from_webapp=1&sender_device=pc&web_id=7529868947924829714 | BK16: lewisandreaofficial@gmail.com | BL16: Messaged | BQ16: oh were u waiting for that box to hit me? | BR16: =X64 -> 10
A17: anna.antonje | B17: https://www.tiktok.com/@anna.antonje/video/7443465454921846038?is_from_webapp=1&sender_device=pc&web_id=7529868947924829714 | D17: Messaged | F17: thisjenngirl | G17: https://vt.tiktok.com/ZSDAa4jsr/ | I17: Messaged | K17: sam_vlogzz | L17: https://vt.tiktok.com/ZSAVX7DYb/ | N17: Messaged | P17: teachermrsthomas | Q17: https://vt.tiktok.com/ZSAV7utqK/ | S17: Messaged | U17: soocialhub | V17: https://vt.tiktok.com/ZSAqcw5Kw/ | X17: Messaged | Z17: acaidelightok | AA17: https://www.tiktok.com/@acaidelightok/video/7535672114477681950?is_from_webapp=1&sender_device=pc&web_id=7529858502199395858 | AC17: Messaged | AE17: dinoraan | AF17: https://vt.tiktok.com/ZSAVQ4PXL/ | AG17: dinoranurillaeva@gmail.com | AH17: Messaged | AJ17: kiannady_ | AK17: https://vt.tiktok.com/ZSAVCFPqD/ | AM17: Messaged | AO17: rebisco.ph | AP17: https://www.tiktok.com/@rebisco.ph/video/7473722343882247442?is_from_webapp=1&sender_device=pc&web_id=7529868947924829714 | AR17: Messaged | AT17: nacho.bizz | AU17: https://www.tiktok.com/@nacho.bizz/video/7541698829935054088?is_from_webapp=1&sender_device=pc&web_id=7529868947924829714 | AW17: Consented | AY17: biscuitaddict06 | AZ17: https://www.tiktok.com/@biscuitaddict06/video/7516551249475456263?is_from_webapp=1&sender_device=pc&web_id=7529858502199395858 | BB17: Messaged | BD17: danjanine | BE17: https://www.tiktok.com/@danjanine/video/7519978917613079821?is_from_webapp=1&sender_device=pc&web_id=7529858502199395858 | BG17: Messaged | BI17: aileenchristineee | BJ17: https://www.tiktok.com/@aileenchristineee/video/6867743685199596806?is_from_webapp=1&sender_device=pc&web_id=7529868947924829714 | BL17: Messaged | BQ17: this looks like it was made by a 5 year old, im trying my best | BR17: =AC64 -> 4
A18: ambardriscoll | B18: https://www.tiktok.com/@ambardriscoll/video/7503566266301582594?is_from_webapp=1&sender_device=pc&web_id=7529868947924829714 | C18: ambar@mvetalent.com | D18: Messaged | F18: clairealexistiu | G18: https://vt.tiktok.com/ZSDAaX7TN/ | I18: Consented | K18: meganjspams | L18: https://vt.tiktok.com/ZSAVX3YCK/ | N18: Messaged | P18: meganmarie800 | Q18: https://vt.tiktok.com/ZSAqTeheg/ | S18: Messaged | U18: parkplacernv | V18: https://vt.tiktok.com/ZSAqc7arm/ | W18: leasing@parkplaceatreno.com | X18: Consented, Not Included | Z18: eastfield.farm.plants | AA18: https://www.tiktok.com/@eastfield.farm.plants/video/7542576997017390358?is_from_webapp=1&sender_device=pc&web_id=7529858502199395858 | AB18: ig | AC18: Messaged | AE18: glossmoves | AF18: https://vt.tiktok.com/ZSAVQjnwA/ | AH18: Messaged | AJ18: lincandcanyon | AK18: https://vt.tiktok.com/ZSAVCsYk6/ | AL18: lincandcanyon@gb-dm.com | AM18: Messaged | AO18: gabyy.library | AP18: https://www.tiktok.com/@gabyy.library/video/7474052998965005614?is_from_webapp=1&sender_device=pc&web_id=7529868947924829714 | AR18: Messaged | AT18: nicoleeeyxx | AU18: https://www.tiktok.com/@nicoleeeyxx/video/7533826466778254610?is_from_webapp=1&sender_device=pc&web_id=7529868947924829714 | AW18: Messaged | AY18: .vienna.s | AZ18: https://www.tiktok.com/@.vienna.s/video/7511759087261158678?is_from_webapp=1&sender_device=pc&web_id=7529858502199395858 | BB18: Messaged | BD18: evzeca | BE18: https://www.tiktok.com/@evzeca/video/7539581917465677070?is_from_webapp=1&sender_device=pc&web_id=7529858502199395858 | BG18: Messaged | BI18: matt_and_abby | BJ18: https://www.tiktok.com/@matt_and_abby/video/6869099288610229509?is_from_webapp=1&sender_device=pc&web_id=7529868947924829714 | BK18: business@mattandabby.co | BL18: Messaged | BN18: RED ------> | BO18: Has several videos we used | BQ18: WHERE?? | BR18: =AH64 -> 10
A19: samanthaysabel.co | B19: https://www.tiktok.com/@samanthaysabel.co/video/7502777453358746888?is_from_webapp=1&sender_device=pc&web_id=7529868947924829714 | D19: Messaged | F19: allisonmrey | G19: https://vt.tiktok.com/ZSDAay8k1/ | I19: Messaged | K19: zeliha_clark | L19: https://vt.tiktok.com/ZSAVXQjAj/ | M19: zelihaclark@ddaglobal.com | N19: Messaged | P19: nonsensewit.nixx | Q19: https://vt.tiktok.com/ZSAq3GpsG/ | S19: Messaged | U19: shaker.auto.group | V19: https://vt.tiktok.com/ZSAq3AAUy/ | X19: Messaged | Z19: menomonie.market | AA19: https://www.tiktok.com/@menomonie.market/video/7536306811540884767?is_from_webapp=1&sender_device=pc&web_id=7529858502199395858 | AC19: Messaged | AE19: karimilanivlogs | AF19: https://vt.tiktok.com/ZSAVQ6pxV/ | AG19: https://www.instagram.com/kari_milani | AH19: Messaged | AJ19: kennyand_thejets | AK19: https://vt.tiktok.com/ZSAVCwmHN/ | AM19: Messaged | AO19: fitsbymon | AP19: https://www.tiktok.com/@fitsbymon/video/7474664201806499094?is_from_webapp=1&sender_device=pc&web_id=7529868947924829714 | AR19: Messaged | AT19: gmaregionaltv_ | AU19: https://www.tiktok.com/@gmaregionaltv_/video/7543181685425245447?is_from_webapp=1&sender_device=pc&web_id=7529868947924829714 | AW19: Messaged | AY19: theexerciseengineer | AZ19: https://www.tiktok.com/@theexerciseengineer/video/7508996910724795670?is_from_webapp=1&sender_device=pc&web_id=7529858502199395858 | BB19: Cannot message | BD19: jun1k1t | BE19: https://www.tiktok.com/@jun1k1t/video/7514516690030316843?is_from_webapp=1&sender_device=pc&web_id=7529858502199395858 | BG19: Messaged | BI19: arissaadams | BJ19: https://www.tiktok.com/@arissaadams/video/7163684708839378182?is_from_webapp=1&sender_device=pc&web_id=7529868947924829714 | BK19: adamsarissa15@gmail.com | BL19: Messaged | BQ19: how much do i owe u | BR19: =AM64 -> 10
A20: love.maceee | B20: https://www.tiktok.com/@love.maceee/video/7516108400787295495?is_from_webapp=1&sender_device=pc&web_id=7529868947924829714 | D20: Consented | F20: thecabrerafam | G20: https://vt.tiktok.com/ZSDAaurWa/ | I20: Messaged | K20: kev_sndvl | L20: https://vt.tiktok.com/ZSAsRwXpV/ | N20: Consented | P20: naye.martinezz | Q20: https://vt.tiktok.com/ZSAq3wcrh/ | S20: Messaged | U20: lightartcreators | V20: https://vt.tiktok.com/ZSAq368EC/ | X20: Messaged | Z20: pinkdoorhgt | AA20: https://www.tiktok.com/@pinkdoorhgt/video/7539871335816662294?is_from_webapp=1&sender_device=pc&web_id=7529858502199395858 | AB20: ig | AC20: Messaged | AE20: sophiesticated618 | AF20: https://vt.tiktok.com/ZSAV47CrT/ | AG20: attyjcd@gmail.com | AH20: Messaged | AJ20: yapi_so | AK20: https://vt.tiktok.com/ZSAV45FDC/ | AM20: Messaged | AO20: mynameisadrienne | AP20: https://www.tiktok.com/@mynameisadrienne/video/7471042913544195374?is_from_webapp=1&sender_device=pc&web_id=7529868947924829714 | AR20: Consented | AT20: yzhakane | AU20: https://www.tiktok.com/@yzhakane/video/7541302079588011272?is_from_webapp=1&sender_device=pc&web_id=7529868947924829714 | AW20: Consented | AY20: fern.sthetics | AZ20: https://www.tiktok.com/@fern.sthetics/video/7509130988149017864?is_from_webapp=1&sender_device=pc&web_id=7529858502199395858 | BB20: Messaged | BD20: austinandhaven5 | BE20: https://www.tiktok.com/@austinandhaven5/video/7522243782847368479?is_from_webapp=1&sender_device=pc&web_id=7529858502199395858 | BG20: Messaged | BI20: laura88lee | BJ20: https://www.tiktok.com/@laura88lee/video/7325856822592539934?is_from_webapp=1&sender_device=pc&web_id=7529868947924829714 | BL20: Messaged | BQ20: how to kidnap me | BR20: =AR136 -> 10
A21: lifeaszeph | B21: https://www.tiktok.com/@lifeaszeph/video/7451788412312489246?is_from_webapp=1&sender_device=pc&web_id=7529868947924829714 | C21: Zephriseorfall@gmail | D21: Messaged | F21: thekadproject | G21: https://vt.tiktok.com/ZSDAaqREC/ | I21: Messaged | K21: its_justnatt | L21: https://vt.tiktok.com/ZSAVq5nkt/ | M21: nataliefoo02@gmail.com | N21: Did not consent | P21: munchies_78 | Q21: https://vt.tiktok.com/ZSAqT1G8X/ | S21: Messaged | U21: eastern.market.canton | V21: https://vt.tiktok.com/ZSAq3ADaV/ | X21: Messaged | Z21: palm.coffee.lounge | AA21: https://www.tiktok.com/@palm.coffee.lounge/video/7544037628421704982?is_from_webapp=1&sender_device=pc&web_id=7529858502199395858 | AB21: ig | AC21: Messaged | AE21: taylor_zaydie | AF21: https://vt.tiktok.com/ZSAVVSQmg/ | AH21: Messaged | AJ21: rip_on_heaven | AK21: https://vt.tiktok.com/ZSAVVhMjv/ | AL21: ig | AM21: Cannot message | AO21: sksnnbwe | AP21: https://www.tiktok.com/@sksnnbwe/video/7466277657542511915?is_from_webapp=1&sender_device=pc&web_id=7529868947924829714 | AR21: Messaged | AT21: microwavablep0pcorn | AU21: https://www.tiktok.com/@microwavablep0pcorn/video/7528764177473719570?is_from_webapp=1&sender_device=pc&web_id=7529868947924829714 | AW21: Consented | AY21: somebody_you_fw | AZ21: https://www.tiktok.com/@somebody_you_fw/video/7538996939266755854?is_from_webapp=1&sender_device=pc&web_id=7529858502199395858 | BB21: Messaged | BD21: katie.bri25 | BE21: https://www.tiktok.com/@katie.bri25/video/7536026187391356215?is_from_webapp=1&sender_device=pc&web_id=7529858502199395858 | BG21: Messaged | BI21: _thescottfamily | BJ21: https://www.tiktok.com/@_thescottfamily/video/6870273964351016198?is_from_webapp=1&sender_device=pc&web_id=7529868947924829714 | BK21: TeamRogerandTalia@gersh.com | BL21: Messaged | BQ21: sorry we're late, __ was throwing a fit | BR21: =AW62 -> 10
A22: notconstancezhang93 | B22: https://www.tiktok.com/@notconstancezhang93/video/7369633099023519018?is_from_webapp=1&sender_device=pc&web_id=7529868947924829714 | C22: Constancezqz@gmail.com | D22: Messaged | F22: marcodaos | G22: https://vt.tiktok.com/ZSDAa4K5o/ | I22: Messaged | K22: brynnguymon | L22: https://vt.tiktok.com/ZSAVbJx7m/ | M22: brynnguymon@palettemgmt.com | N22: Messaged | P22: _alyviagrace | Q22: https://vt.tiktok.com/ZSAq3qpoj/ | S22: Messaged | U22: solugenixdr | V22: https://vt.tiktok.com/ZSAq3yXtd/ | X22: Messaged | Z22: cakeboutiquenj | AA22: https://www.tiktok.com/@cakeboutiquenj/video/7539654471010372919?is_from_webapp=1&sender_device=pc&web_id=7529858502199395858 | AC22: Did not consent | AE22: imanisallahh | AF22: https://vt.tiktok.com/ZSAVVsfK9/ | AH22: Messaged | AJ22: kikaydinsay_ | AK22: https://vt.tiktok.com/ZSAVVaq7R/ | AL22: kikaydinsay@gmail.com | AM22: Consented | AO22: leahgiggle | AP22: https://www.tiktok.com/@leahgiggle/video/7520771574207712543?is_from_webapp=1&sender_device=pc&web_id=7529868947924829714 | AR22: Messaged | AT22: chynnachuaa | AU22: https://www.tiktok.com/@chynnachuaa/video/7536834940202224904?is_from_webapp=1&sender_device=pc&web_id=7529868947924829714 | AW22: Messaged | AY22: 15hourss | AZ22: https://www.tiktok.com/@15hourrss/video/7511927587984248107?is_from_webapp=1&sender_device=pc&web_id=7529858502199395858 | BB22: Cannot message | BD22: themorrisfambam | BE22: https://www.tiktok.com/@themorrisfambam/video/7507492909160074526?is_from_webapp=1&sender_device=pc&web_id=7529858502199395858 | BG22: Messaged | BI22: brittany.xavier | BJ22: https://www.tiktok.com/@brittany.xavier/video/6909256535436692737?is_from_webapp=1&sender_device=pc&web_id=7529868947924829714 | BL22: Messaged | BQ22: holy airball | BR22: =BB62 -> 10
A23: nikki.gott | B23: https://www.tiktok.com/@nikki.gott/video/7538926247401868574?is_from_webapp=1&sender_device=pc&web_id=7529868947924829714 | C23: nikkigottcent@gmail.com | D23: Messaged | F23: iam.maks | G23: https://vt.tiktok.com/ZSDAaP3KN/ | I23: Messaged | K23: aneliesetannoui | L23: https://vt.tiktok.com/ZSAVbe6os/ | M23: aneliese.tannourji@outlook.com | N23: Messaged | P23: daisypitts | Q23: https://vt.tiktok.com/ZSAqTuqNX/ | S23: Messaged | U23: sdhumanesociety | V23: https://vt.tiktok.com/ZSDRb3Mpo/ | X23: Consented | Z23: cupbop | AA23: https://www.tiktok.com/@cupbop/video/7541560963426716942?is_from_webapp=1&sender_device=pc&web_id=7529868947924829714 | AC23: Messaged | AE23: taniaturdean | AF23: https://www.tiktok.com/@taniaturdean/video/7473452610926693654?is_from_webapp=1&sender_device=pc&web_id=7534997804440471048 | AH23: Messaged | AJ23: nattarts | AK23: https://vt.tiktok.com/ZSAvpuS1F/ | AM23: Consented | AO23: its.sofii.vb | AP23: https://www.tiktok.com/@its.sofii.vb/video/7471775493516283191?is_from_webapp=1&sender_device=pc&web_id=7529868947924829714 | AR23: Messaged | AT23: paige_go | AU23: https://www.tiktok.com/@paige_go/video/7533923640908188946?is_from_webapp=1&sender_device=pc&web_id=7529868947924829714 | AW23: Messaged | AY23: mommy.dans | AZ23: https://www.tiktok.com/@mommy.dans/video/7517917239304015121?is_from_webapp=1&sender_device=pc&web_id=7529868947924829714 | BB23: Messaged | BD23: urmrselastyles | BE23: https://www.tiktok.com/@urmrselastyles/video/7545122823392546055?is_from_webapp=1&sender_device=pc&web_id=7529858502199395858 | BG23: Messaged | BI23: brittany.xavier | BJ23: https://www.tiktok.com/@brittany.xavier/video/6902938334113303809?is_from_webapp=1&sender_device=pc&web_id=7529868947924829714 | BL23: Messaged | BQ23: im having sm fun/ but we're just doing __ / but we're doing __ together | BR23: =BG199 -> 10
A24: hailzngrace | B24: https://www.tiktok.com/@hailzngrace/video/7514516374224489771?is_from_webapp=1&sender_device=pc&web_id=7529868947924829714 | D24: Messaged | F24: purelyaria | G24: https://vt.tiktok.com/ZSDAaEBCG/ | I24: Consented, Not Included | K24: michael.diconstanzo | L24: https://www.tiktok.com/@michael.dicostanzo/video/7374955868519157038?is_from_webapp=1&sender_device=pc&web_id=7534997804440471048 | M24: mdicostanzo@viralnationtalent.com | N24: Messaged | P24: mundospizzeria | Q24: https://vt.tiktok.com/ZSDRpgxbs/ | S24: Messaged | U24: il_leadership | V24: https://vt.tiktok.com/ZSDRbn7b1/ | X24: Messaged | Z24: brewdliciouscoffee | AA24: https://www.tiktok.com/@brewdliciouscoffee/video/7536292226394066189?is_from_webapp=1&sender_device=pc&web_id=7529868947924829714 | AC24: Messaged | AE24: mcd_creative | AF24: https://www.tiktok.com/@mcd_creative/video/7358768689556016401?is_from_webapp=1&sender_device=pc&web_id=7534997804440471048 | AH24: Messaged | AJ24: aqilahwf | AK24: https://vt.tiktok.com/ZSAvpcC4K/ | AM24: Consented | AO24: sara.durante5 | AP24: https://www.tiktok.com/@sara.durante5/video/7521136157501967621?is_from_webapp=1&sender_device=pc&web_id=7529868947924829714 | AR24: Messaged | AT24: _ameeong | AU24: https://www.tiktok.com/@_ameeong/video/7532529094261591314?is_from_webapp=1&sender_device=pc&web_id=7529868947924829714 | AW24: Messaged | AY24: imeldalyyy | AZ24: https://www.tiktok.com/@imeldalyyy/video/7510962544870280504?is_from_webapp=1&sender_device=pc&web_id=7529868947924829714 | BB24: Messaged | BD24: msdmickey135 | BE24: https://www.tiktok.com/@msdmickey135/video/7510590647372500255?is_from_webapp=1&sender_device=pc&web_id=7529858502199395858 | BF24: mikaelasdougherty@gmail.com | BG24: Consented, Not Included | BI24: julia.jo1 | BJ24: https://www.tiktok.com/@julia.jo1/video/6872061186486095109?is_from_webapp=1&sender_device=pc&web_id=7529868947924829714 | BL24: Messaged | BQ24: exchange gift challenge | BR24: =BL274 -> 10
A25: jadielane | B25: https://www.tiktok.com/@jadielane/video/7503338388653870382?is_from_webapp=1&sender_device=pc&web_id=7529868947924829714 | C25: Jadielanecollabs@gmail.com | D25: Messaged | F25: jassyyy.4 | G25: https://vt.tiktok.com/ZSDAmdv7S/ | I25: Messaged | K25: annaa.allisonn | L25: https://vt.tiktok.com/ZSAvQJ8Yw/ | M25: anondaeallison@gmail.com | N25: Messaged | P25: itssky0.0 | Q25: https://vt.tiktok.com/ZSDRpbrpg/ | S25: Consented, Not Included | U25: soocialhub | V25: https://vt.tiktok.com/ZSDRboVNc/ | X25: Messaged | Z25: dae.gee | AA25: https://www.tiktok.com/@dae.gee/video/7538842751920590110?is_from_webapp=1&sender_device=pc&web_id=7529868947924829714 | AC25: Messaged | AE25: ananotana | AF25: https://www.tiktok.com/@ananotana/video/7347499172737666347?is_from_webapp=1&sender_device=pc&web_id=7534997804440471048 | AH25: Messaged | AJ25: simp2257 | AK25: https://vt.tiktok.com/ZSAvpuy47/ | AL25: Unavailable | AM25: Consented | AO25: savt.aesthetics | AP25: https://www.tiktok.com/@savt.aesthetics/video/7469452316941290783?is_from_webapp=1&sender_device=pc&web_id=7529868947924829714 | AQ25: savtoddaesthetic@gmail.com | AR25: Messaged | AT25: dreaniks | AU25: https://www.tiktok.com/@dreaniks/video/7531330789850516754?lang=en | AW25: Consented, Not Included | AY25: commonmode | AZ25: https://www.tiktok.com/@commonmode/video/7518995607902489863?is_from_webapp=1&sender_device=pc&web_id=7529868947924829714 | BB25: Messaged | BD25: sramii2 | BE25: https://www.tiktok.com/@sramii2/video/7545608318652288270 | BG25: Messaged | BI25: themontestwins | BJ25: https://www.tiktok.com/@themontestwins/video/6903616059081788678?is_from_webapp=1&sender_device=pc&web_id=7529868947924829714 | BK25: montestwins@portraitmgmt.com | BL25: Messaged
A26: .kirsten0 | B26: https://www.tiktok.com/@.kirsten0/video/7423889587870780704?is_from_webapp=1&sender_device=pc&web_id=7529868947924829714 | D26: Messaged | F26: kykeyumz | G26: https://vt.tiktok.com/ZSDAmehYa/ | H26: NEW | I26: Consented | K26: mialmiranda | L26: https://vt.tiktok.com/ZSAvQ72vM/ | M26: mialovemiranda@gmail.com | N26: Messaged | P26: judyannlabticluna_on_ig | Q26: https://vt.tiktok.com/ZSDRsFWwM/ | S26: Consented, Not Included | U26: rhsfilipinoclub | V26: https://vt.tiktok.com/ZSDRgyWya/ | X26: Messaged | Z26: brewologyri | AA26: https://www.tiktok.com/@brewologyri/video/7545134730618899767?is_from_webapp=1&sender_device=pc&web_id=7529868947924829714 | AC26: Messaged | AE26: luxegen | AF26: https://www.tiktok.com/@luxegen/video/7350398632736116000?is_from_webapp=1&sender_device=pc&web_id=7534997804440471048 | AH26: Messaged | AJ26: pasang_lb | AK26: https://vt.tiktok.com/ZSAvpcqgh/ | AM26: Messaged | AO26: ebtihel_malik | AP26: https://www.tiktok.com/@ebtihel_malik/video/7478810853534403863?is_from_webapp=1&sender_device=pc&web_id=7529868947924829714 | AR26: Messaged | AT26: sophiajiaa | AU26: https://www.tiktok.com/@sophiajiaa/video/7534019039190912263?lang=en | AW26: Consented | AY26: kytchen_kravings | AZ26: https://www.tiktok.com/@kytchen_kravings/video/7513158312913915158?is_from_webapp=1&sender_device=pc&web_id=7529868947924829714 | BB26: Messaged | BD26: hollyybergyy | BE26: https://www.tiktok.com/@hollyybergyy/video/7540538612929056014 | BG26: Messaged | BI26: fairviewofficial | BJ26: https://www.tiktok.com/@fairviewofficial/video/6940055162392268038?is_from_webapp=1&sender_device=pc&web_id=7529868947924829714 | BL26: Messaged
A27: candiceeprr | B27: https://www.tiktok.com/@candiceeprr/video/7534789723420822786?is_from_webapp=1&sender_device=pc&web_id=7529868947924829714 | D27: Messaged | F27: dani__and__jo | G27: https://vt.tiktok.com/ZSDAa7uGv/ | I27: Messaged | K27: riisepeters | L27: https://vt.tiktok.com/ZSAvQK6Qd/ | M27: contact@riisepeters.com | N27: Messaged | P27: theguysfromyesterday | Q27: https://vt.tiktok.com/ZSDRsUcKR/ | S27: Consented | U27: gummy_rush | V27: https://vt.tiktok.com/ZSDRgjjuA/ | X27: Messaged | Z27: freshcupplayhouse | AA27: https://www.tiktok.com/@freshcupplayhouse/video/7548733446726618398?is_from_webapp=1&sender_device=pc&web_id=7529868947924829714 | AC27: Consented | AE27: _mira_mo | AF27: https://vt.tiktok.com/ZSAojf62h/ | AH27: Messaged | AJ27: simandoooo | AK27: https://vt.tiktok.com/ZSAvpw2a6/ | AM27: Messaged | AO27: heidilereng | AP27: https://www.tiktok.com/@heidilereng/video/7474242580524403970?is_from_webapp=1&sender_device=pc&web_id=7529868947924829714 | AR27: Messaged | AT27: desyaaaaaaaaaang | AU27: https://www.tiktok.com/@desyaaaaaaaaaang/video/7533657633388137735?lang=en | AW27: Messaged | AY27: notpariscottrell | AZ27: https://www.tiktok.com/@notpariscottrell/video/7506077979529710855?is_from_webapp=1&sender_device=pc&web_id=7529868947924829714 | BB27: Messaged | BD27: paulinebataller | BE27: https://www.tiktok.com/@paulinebataller/video/7474194344744865045 | BG27: Consented, Not Included | BI27: alyssarafael | BJ27: https://www.tiktok.com/@alyssarafael/video/6879245557534067974?is_from_webapp=1&sender_device=pc&web_id=7529868947924829714 | BK27: contact@alyssarafael.com | BL27: Messaged
A28: _claudiahamilton | B28: https://www.tiktok.com/@_claudiahamilton/video/7164887675156139269?is_from_webapp=1&sender_device=pc&web_id=7529868947924829714 | D28: Messaged | F28: kriiizhaaa | G28: https://vt.tiktok.com/ZSDAm8akn/ | I28: Consented | K28: kylee.grive | L28: https://vt.tiktok.com/ZSAvCFm42/ | M28: kyleegrive@gmail.com | N28: Messaged | P28: aznmc_ | Q28: https://vt.tiktok.com/ZSDRsLgDh/ | S28: Consented, Not Included | U28: bchs.hosa | V28: https://vt.tiktok.com/ZSDRgvBTJ/ | X28: Consented | Z28: cplrayscoffee | AA28: https://www.tiktok.com/@cplrayscoffee/video/7541907163074022669?is_from_webapp=1&sender_device=pc&web_id=7529868947924829714 | AC28: Messaged | AE28: laurabrookerxoxo | AF28: https://vt.tiktok.com/ZSAojX4Ps/ | AH28: Messaged | AJ28: yuehaaan | AK28: https://vt.tiktok.com/ZSAvpwJx2/ | AM28: Consented | AO28: violet_autumn_ | AP28: https://www.tiktok.com/@violet_autumn_/video/7466107890554719534?is_from_webapp=1&sender_device=pc&web_id=7529868947924829714 | AR28: Messaged | AT28: unica.hijaa | AU28: https://www.tiktok.com/@unica.hijaa/video/7541258684232420628?is_from_webapp=1&sender_device=pc&web_id=7529868947924829714 | AW28: Messaged | AY28: hannahong22 | AZ28: https://www.tiktok.com/@hannahong22/video/7517118935481797906?is_from_webapp=1&sender_device=pc&web_id=7529868947924829714 | BB28: Consented | BD28: mbsangels | BE28: https://www.tiktok.com/@mbsangels/video/7537753796995190038?is_from_webapp=1&sender_device=pc&web_id=7529858502199395858 | BF28: toriandelektramb@gmail.com | BG28: Messaged | BI28: sue.rose | BJ28: https://www.tiktok.com/@sue.rose/video/6880244813120195845?is_from_webapp=1&sender_device=pc&web_id=7529868947924829714 | BK28: suexjosh@gmail.com suerose@jakerosenentertainment.com | BL28: Messaged
A29: daileenjovet5 | B29: https://www.tiktok.com/@daileenjovet5/video/7459201329077030175?is_from_webapp=1&sender_device=pc&web_id=7529868947924829714 | D29: Messaged | F29: josie_spammin | G29: https://vt.tiktok.com/ZSDAmhhjG/ | I29: Messaged | K29: meglskalla | L29: https://vt.tiktok.com/ZSAvCAQKe/ | M29: team@jenniferpowell.com | N29: Messaged | P29: aub.says | Q29: https://vt.tiktok.com/ZSDRsBA8W/ | S29: Messaged | U29: arizonafireplaces | V29: https://vt.tiktok.com/ZSDRg4s47/ | X29: Messaged | Z29: wildberrysmoothieco | AA29: https://www.tiktok.com/@wildberrysmoothieco/video/7546269847013936415?is_from_webapp=1&sender_device=pc&web_id=7529868947924829714 | AC29: Messaged | AE29: salmaelboukili3 | AF29: https://vt.tiktok.com/ZSAojPTb2/ | AH29: Consented | AJ29: nanagmzz | AK29: https://vt.tiktok.com/ZSAvp39Cw/ | AM29: Messaged | AO29: giagracesmith | AP29: https://www.tiktok.com/@giagracesmith/video/7469751409668361494?is_from_webapp=1&sender_device=pc&web_id=7529868947924829714 | AR29: Consented | AT29: thisisafront | AU29: https://www.tiktok.com/@thisisafront/video/7540136220626586902?is_from_webapp=1&sender_device=pc&web_id=7529868947924829714 | AW29: Messaged | AY29: mawieri | AZ29: https://www.tiktok.com/@mawieri/video/7510178099716427026?is_from_webapp=1&sender_device=pc&web_id=7529868947924829714 | BB29: Messaged | BD29: typo_shop | BE29: https://www.tiktok.com/@typo_shop/video/7515300621927353617?is_from_webapp=1&sender_device=pc&web_id=7529868947924829714 | BG29: Messaged | BI29: kimetherton99 | BJ29: https://www.tiktok.com/@kimetherton99/video/6880242982054825222?is_from_webapp=1&sender_device=pc&web_id=7529868947924829714 | BK29: kimetherton99@gmail.com | BL29: Cannot message
A30: alottamayo | B30: https://www.tiktok.com/@alottamayo/video/7480372191985437994?is_from_webapp=1&sender_device=pc&web_id=7529868947924829714 | D30: Messaged | F30: jjentryyy | G30: https://vt.tiktok.com/ZSDAmrRJr/ | I30: Messaged | K30: adzxchance | L30: https://vt.tiktok.com/ZSAvCU8VN/ | N30: Messaged | P30: mark_marian15 | Q30: https://vt.tiktok.com/ZSDRsJ2FU/ | S30: Consented, Not Included | U30: cafemonaco.ph | V30: https://vt.tiktok.com/ZSDRpJXwL/ | X30: Messaged | Z30: poppys.sipanddrift | AA30: https://www.tiktok.com/@poppys.sipanddrift/video/7539596163926723854?is_from_webapp=1&sender_device=pc&web_id=7529868947924829714 | AC30: Messaged | AE30: oncampuspromotions | AF30: https://vt.tiktok.com/ZSAojXwkP/ | AH30: Messaged | AJ30: jennifer.antal | AK30: https://vt.tiktok.com/ZSAvpWr5x/ | AM30: Messaged | AO30: fabulatehq | AP30: https://www.tiktok.com/@fabulatehq/video/7480402418694491410?is_from_webapp=1&sender_device=pc&web_id=7529868947924829714 | AR30: Messaged | AT30: louiseanastasiaa | AU30: https://www.tiktok.com/@louiseanastasiaa/video/7528654023243631878?is_from_webapp=1&sender_device=pc&web_id=7529868947924829714 | AW30: Messaged | AY30: amysofiab | AZ30: https://www.tiktok.com/@amysofiab/video/7508760477703539970?is_from_webapp=1&sender_device=pc&web_id=7529868947924829714 | BB30: Messaged | BD30: alexandeunice | BE30: https://www.tiktok.com/@alexandeunice/video/7467234532798909703?is_from_webapp=1&sender_device=pc&web_id=7529868947924829714 | BF30: contact@mer-studios.com | BG30: Consented | BI30: juandchan | BJ30: https://www.tiktok.com/@juandchan/video/6880320042005777669?is_from_webapp=1&sender_device=pc&web_id=7529868947924829714 | BK30: juandchanco@gmail.com | BL30: Messaged
A31: lilybarnicott | B31: https://www.tiktok.com/@lilybarnicott/video/7537474367144463638?is_from_webapp=1&sender_device=pc&web_id=7529868947924829714 | D31: Did not consent | F31: aldriandeleon | G31: https://vt.tiktok.com/ZSDAmU79s/ | I31: Messaged | K31: ashlyn_bischoff | L31: https://vt.tiktok.com/ZSAvCCRXr/ | M31: ashlynb.business@gmail.com | N31: Messaged | P31: skylovemommy | Q31: https://vt.tiktok.com/ZSDRsgw6M/ | S31: Messaged | U31: yunnanbypotomac | V31: https://vt.tiktok.com/ZSDRgbHF6/ | X31: Messaged | Z31: carlosmexrestaurant | AA31: https://www.tiktok.com/@carlosmexrestaurant/video/7544513956912713015?is_from_webapp=1&sender_device=pc&web_id=7529868947924829714 | AC31: Messaged | AE31: lexxrexx_ | AF31: https://vt.tiktok.com/ZSAojhPuK/ | AH31: Messaged | AJ31: mariesavellano | AK31: https://vt.tiktok.com/ZSAvp3sWu/ | AM31: Messaged | AO31: caraasport | AP31: https://www.tiktok.com/@caraasport/video/7484374421122141483?is_from_webapp=1&sender_device=pc&web_id=7529868947924829714 | AR31: Messaged | AT31: whitlynetland | AU31: https://www.tiktok.com/@whitlynetland/video/7529144263129517343?is_from_webapp=1&sender_device=pc&web_id=7529868947924829714 | AW31: Messaged | AY31: sophiaisabel.yt | AZ31: https://www.tiktok.com/@sophiaisabel.yt/video/7519102183850151176?is_from_webapp=1&sender_device=pc&web_id=7529868947924829714 | BB31: Consented | BD31: ericafwu | BE31: https://www.tiktok.com/@ericafwu/video/7516619536284552491?is_from_webapp=1&sender_device=pc&web_id=7529868947924829714 | BF31: erica.wu@theviralistgroup.com | BG31: Consented | BI31: hunnaxlib | BJ31: https://www.tiktok.com/@hunnaxlib/video/6872116913602825477?is_from_webapp=1&sender_device=pc&web_id=7529868947924829714 | BK31: nick@grail-talent.com | BL31: Messaged
A32: grapegrapegrapeyyy | B32: https://www.tiktok.com/@grapegrapegrapeyyy/video/7455543826250206506?is_from_webapp=1&sender_device=pc&web_id=7529868947924829714 | C32: grapegrapegrapeyyy@gmail.com | D32: Messaged | F32: jasminecostley | G32: https://vt.tiktok.com/ZSDAmu8Yn/ | I32: Messaged | K32: allimaxfield | L32: https://vt.tiktok.com/ZSAvCf7hh/ | M32: allimaxfieldcollabs@gmail.com | N32: Messaged | P32: emereenichole | Q32: https://vt.tiktok.com/ZSDRscUF4/ | S32: Consented | U32: hmongstoutstudentorg | V32: https://vt.tiktok.com/ZSDRgvmqh/ | X32: Messaged | Z32: xapacoffee | AA32: https://www.tiktok.com/@xapacoffee/video/7548887299476475166?is_from_webapp=1&sender_device=pc&web_id=7529868947924829714 | AC32: Messaged | AE32: just_annaz | AF32: https://vt.tiktok.com/ZSAoj6LT3/ | AH32: Messaged | AJ32: amibipinlove | AK32: https://vt.tiktok.com/ZSAvpXW2G/ | AM32: Messaged | AO32: selina.shf | AP32: https://www.tiktok.com/@selina.shf/video/7470508950975237398?is_from_webapp=1&sender_device=pc&web_id=7529868947924829714 | AQ32: selina.shfcontact@gmail.com | AR32: Messaged | AT32: prtynicxs | AU32: https://www.tiktok.com/@prtynicxs/video/7544779195751091474?is_from_webapp=1&sender_device=pc&web_id=7529868947924829714 | AW32: Messaged | AY32: krismasr | AZ32: https://www.tiktok.com/@krismasr/video/7507483220401949998?is_from_webapp=1&sender_device=pc&web_id=7529868947924829714 | BB32: Messaged | BD32: paula.wagener | BE32: https://www.tiktok.com/@paula.wagener/video/7473061878034484502?is_from_webapp=1&sender_device=pc&web_id=7529868947924829714 | BG32: Messaged | BI32: rinispencer | BJ32: https://www.tiktok.com/@rinispencer/video/6928941076367674629?is_from_webapp=1&sender_device=pc&web_id=7529868947924829714 | BL32: Messaged
A33: ashleeyyyy.x | B33: https://www.tiktok.com/@ashleeyyyy.x/video/7512188715108732182?is_from_webapp=1&sender_device=pc&web_id=7529868947924829714 | D33: Messaged | F33: yourgurlyana | G33: https://vt.tiktok.com/ZSDAmfMYm/ | I33: Consented, Not Included | K33: carlyminnick | L33: https://vt.tiktok.com/ZSAvCQvRT/ | M33: carlyminnick@comcast.net | N33: Consented | P33: _jessiecarr | Q33: https://vt.tiktok.com/ZSDYE6FPc/ | S33: Messaged | U33: laura.canada | V33: https://vt.tiktok.com/ZSDRpR5Ew/ | X33: Consented | Z33: pollencafeandicecream | AA33: https://www.tiktok.com/@pollencafeandicecream/video/7547140126825073933?is_from_webapp=1&sender_device=pc&web_id=7529868947924829714 | AC33: Messaged | AE33: gracierigsby | AF33: https://vt.tiktok.com/ZSAojSXWL/ | AH33: Messaged | AJ33: jimanj0 | AK33: https://vt.tiktok.com/ZSAvs162B/ | AM33: Messaged | AO33: eastgateness | AP33: https://www.tiktok.com/@eastgateness/video/7507251228879981846?is_from_webapp=1&sender_device=pc&web_id=7529868947924829714 | AR33: Messaged | AT33: evriiiiil | AU33: https://www.tiktok.com/@evriiiiil/video/7545284733018574098?is_from_webapp=1&sender_device=pc&web_id=7529868947924829714 | AW33: Messaged | AY33: gcsuico | AZ33: https://www.tiktok.com/@gcsuico/video/7510964090185993492?is_from_webapp=1&sender_device=pc&web_id=7529868947924829714 | BB33: Consented | BD33: sunnyside.northampton | BE33: https://www.tiktok.com/@sunnyside.northampton/video/7539905279681367318?is_from_webapp=1&sender_device=pc&web_id=7529868947924829714 | BG33: Cannot message | BI33: parkerehenry7 | BJ33: https://www.tiktok.com/@parkerehenry7/video/6885891850096413958?is_from_webapp=1&sender_device=pc&web_id=7529868947924829714 | BL33: Messaged
A34: soapsterr | B34: https://www.tiktok.com/@soapsterr/video/7475501954366688558?is_from_webapp=1&sender_device=pc&web_id=7529868947924829714 | C34: swynng29@gmail.com | D34: Messaged | F34: ggeoxn | G34: https://vt.tiktok.com/ZSDAmCBYg/ | I34: Messaged | K34: thelullabyclub | L34: https://vt.tiktok.com/ZSAvCM911/ | N34: Messaged | P34: tongbin08 | Q34: https://vt.tiktok.com/ZSDYEdCMW/ | S34: Messaged | U34: thejudgegroup | V34: https://vt.tiktok.com/ZSDRpS8YL/ | X34: Messaged | Z34: tcc.magnolia | AA34: https://www.tiktok.com/@tcc.magnolia/video/7533673734629002527?is_from_webapp=1&sender_device=pc&web_id=7529868947924829714 | AC34: Messaged | AE34: tra.ciey | AF34: https://vt.tiktok.com/ZSAojxbFL/ | AH34: Messaged | AJ34: raquelvillagran | AK34: https://vt.tiktok.com/ZSAvsUWXC/ | AM34: Messaged | AO34: cosmetify | AP34: https://www.tiktok.com/@cosmetify/video/7471320711651691778?is_from_webapp=1&sender_device=pc&web_id=7529868947924829714 | AR34: Consented | AT34: eilidhstiktoke | AU34: https://www.tiktok.com/@eilidhstiktoke/video/7544369832804781334?is_from_webapp=1&sender_device=pc&web_id=7529868947924829714 | AW34: Messaged | AY34: heliotroniq | AZ34: https://www.tiktok.com/@heliotroniq/video/7514317387538156821?is_from_webapp=1&sender_device=pc&web_id=7529868947924829714 | BB34: Consented, Not Included | BD34: centralpub | BE34: https://www.tiktok.com/@centralpub/video/7548220492784717111?is_from_webapp=1&sender_device=pc&web_id=7529868947924829714 | BG34: Messaged | BI34: its.namess | BJ34: https://www.tiktok.com/@its.namess/video/6920522122670460161?is_from_webapp=1&sender_device=pc&web_id=7529868947924829714 | BL34: Messaged
A35: all.hail.ash | B35: https://www.tiktok.com/@all.hail.ash/video/7497404044869176618?is_from_webapp=1&sender_device=pc&web_id=7529868947924829714 | D35: Messaged | F35: angeel.nh | G35: https://vt.tiktok.com/ZSDAmsRDx/ | I35: Messaged | K35: hallieandmaddi | L35: https://vt.tiktok.com/ZSAvChqAJ/ | M35: hallieandmaddi@thisisamplify.com | N35: Messaged | P35: itsnicoleanne | Q35: https://vt.tiktok.com/ZSDYE6UeL/ | S35: Messaged | U35: gmbcc_ugm | V35: https://vt.tiktok.com/ZSDRp5tvH/ | X35: Messaged | Z35: chipley.nutrition | AA35: https://www.tiktok.com/@chipley.nutrition/video/7538899491726937358?is_from_webapp=1&sender_device=pc&web_id=7529868947924829714 | AC35: Messaged | AE35: coconuthead1301 | AF35: https://vt.tiktok.com/ZSAoj6fP2/ | AH35: Messaged | AJ35: naurah.alatas | AK35: https://vt.tiktok.com/ZSAvsB7cp/ | AM35: Messaged | AO35: crochetlin | AP35: https://www.tiktok.com/@crochetlin/video/7537654349737053462?is_from_webapp=1&sender_device=pc&web_id=7529868947924829714 | AR35: Messaged | AT35: alennamariz | AU35: https://www.tiktok.com/@alennamariz/video/7540694502915181842?is_from_webapp=1&sender_device=pc&web_id=7529868947924829714 | AW35: Consented | AY35: ungkuhanimm | AZ35: https://www.tiktok.com/@ungkuhanimm/video/7534748773285727495?is_from_webapp=1&sender_device=pc&web_id=7529868947924829714 | BB35: Messaged | BD35: giuliana.kyla_spam | BE35: https://www.tiktok.com/@giuliana.kyla_spam/video/7462164980066995487?is_from_webapp=1&sender_device=pc&web_id=7529868947924829714 | BG35: Messaged | BI35: makenziedawn | BJ35: https://www.tiktok.com/@makenziedawn/video/6929281274448284934?is_from_webapp=1&sender_device=pc&web_id=7529868947924829714 | BL35: Messaged
A36: hudatruly | B36: https://www.tiktok.com/@hudatruly/video/7495503965417721118?is_from_webapp=1&sender_device=pc&web_id=7529868947924829714 | D36: Did not consent | F36: kqanki | G36: https://vt.tiktok.com/ZSDAtK6Su/ | I36: Messaged | K36: tal3ighasky3 | L36: https://vt.tiktok.com/ZSAvCYpFs/ | M36: simona@envisionagency.co | N36: Messaged | P36: jinisaranghae | Q36: https://www.tiktok.com/@jinisaranghae/video/7528369479215090951?_r=1&u_code=dld85c1ma82k8j&region=PH&mid=7528369519253850896&preview_pb=0&sharer_language=en&_d=ej46a99b4fjbkf&share_item_id=7528369479215090951&source=h5_t&timestamp=1757758291&item_author_type=2&utm_source=copy&tt_from=copy&enable_checksum=1&utm_medium=ios&share_link_id=5D3B51A0-AAE0-4915-BA34-77609A367ABA&user_id=7025407709412475930&sec_user_id=MS4wLjABAAAAzkzh3aRqShBW8cg0QtSWUK27KDC3fkAGjIm63tDPPaTYZ6CmtPpDSnlQ_4JivfuH&social_share_type=0&ug_btm=b5836,b2878&utm_campaign=client_share&link_reflow_popup_iteration_sharer=%7B%22follow_to_play_duration%22:-1,%22profile_clickable%22:1,%22dynamic_cover%22:1,%22click_empty_to_play%22:1%7D&share_app_id=1180 | S36: Messaged | U36: spicevillage | V36: https://vt.tiktok.com/ZSDRpAetP/ | W36: send results | X36: Consented | Z36: lovecledis | AA36: https://www.tiktok.com/@lovecledis/video/7540689487119060255?is_from_webapp=1&sender_device=pc&web_id=7529868947924829714 | AC36: Messaged | AE36: rkenia93 | AF36: https://vt.tiktok.com/ZSAoj6p2A/ | AH36: Messaged | AO36: reformedbypilates | AP36: https://www.tiktok.com/@reformedbypilates/video/7514472512755928363?is_from_webapp=1&sender_device=pc&web_id=7529868947924829714 | AR36: Messaged | AT36: jillpicklescott | AU36: https://www.tiktok.com/@jillpicklescott/video/7544949597173501214?is_from_webapp=1&sender_device=pc&web_id=7529868947924829714 | AW36: Consented, Not Included | AY36: _stephaniegutierrez | AZ36: https://www.tiktok.com/@_stephaniegutierrez/video/7513604694929902879?is_from_webapp=1&sender_device=pc&web_id=7529868947924829714 | BB36: Messaged | BD36: clairelowe7 | BE36: https://www.tiktok.com/@clairelowe7/video/7506951249732980010?is_from_webapp=1&sender_device=pc&web_id=7529868947924829714 | BG36: Cannot message | BI36: chopluem | BJ36: https://www.tiktok.com/@chopluem/video/6894552807484050690?is_from_webapp=1&sender_device=pc&web_id=7529868947924829714 | BL36: Messaged
A37: ieattwinkletoejewels | B37: https://www.tiktok.com/@ieattwinkletoejewels/video/7531110566518115615?is_from_webapp=1&sender_device=pc&web_id=7529868947924829714 | D37: Messaged | F37: miuutrann | G37: https://vt.tiktok.com/ZSDAn6atC/ | I37: Messaged | K37: sarahfritzmua | L37: https://vt.tiktok.com/ZSAvC6wYX/ | M37: roxy@theministryoftalent.com | N37: Messaged | P37: _kyabab | Q37: https://vt.tiktok.com/ZSDYEF7QB/ | S37: Messaged | U37: aurorarcm | V37: https://vt.tiktok.com/ZSDRpSuVV/ | X37: Messaged | Z37: white.house.nutri | AA37: https://www.tiktok.com/@white.house.nutri/video/7536599305449114935?is_from_webapp=1&sender_device=pc&web_id=7529868947924829714 | AC37: Messaged | AE37: lana.liz_ | AF37: https://vt.tiktok.com/ZSAojXdPe/ | AH37: Messaged | AO37: laviniamincu | AP37: https://www.tiktok.com/@laviniamincu/video/7483458878059908374?is_from_webapp=1&sender_device=pc&web_id=7529868947924829714 | AR37: Messaged | AT37: ash_nevxz | AU37: https://www.tiktok.com/@ash_nevxz/video/7543254738045848839?is_from_webapp=1&sender_device=pc&web_id=7529868947924829714 | AW37: Consented | AY37: maiabotero | AZ37: https://www.tiktok.com/@maiabotero/video/7508148385313213742?is_from_webapp=1&sender_device=pc&web_id=7529868947924829714 | BB37: Messaged | BD37: meganraineyy | BE37: https://www.tiktok.com/@meganraineyy/video/7518146215557500182?is_from_webapp=1&sender_device=pc&web_id=7529868947924829714 | BG37: Messaged | BI37: iamalilstitious | BJ37: https://www.tiktok.com/@iamalilstitious/video/6918561254357437702?is_from_webapp=1&sender_device=pc&web_id=7529868947924829714 | BL37: Messaged
A38: delusionallyssa | B38: https://www.tiktok.com/@delusionallyssa/video/7473969116538244382?is_from_webapp=1&sender_device=pc&web_id=7529868947924829714 | D38: Messaged | F38: brennaroseharsch | G38: https://vt.tiktok.com/ZSDAtnDHR/ | I38: Messaged | K38: mimimorgan.30 | L38: https://vt.tiktok.com/ZSAvC2MFU/ | M38: mimimorgan.30@icloud.com | N38: Consented | P38: michellemennella | Q38: https://vt.tiktok.com/ZSDYEaSgh/ | S38: Messaged | U38: gannonu | V38: https://vt.tiktok.com/ZSDRpSM4T/ | X38: Messaged | Z38: tazitaavenue | AA38: https://www.tiktok.com/@tazitaavenue/video/7539642412377967927?is_from_webapp=1&sender_device=pc&web_id=7529868947924829714 | AC38: Messaged | AE38: mellyapplebaum | AF38: https://vt.tiktok.com/ZSAojQvkD/ | AH38: Messaged | AO38: oliviaburtonlondon | AP38: https://www.tiktok.com/@oliviaburtonlondon/video/7481697559107489046?is_from_webapp=1&sender_device=pc&web_id=7529868947924829714 | AR38: Messaged | AT38: jea.mariz | AU38: https://www.tiktok.com/@jea.mariz/video/7543718287851425047?is_from_webapp=1&sender_device=pc&web_id=7529868947924829714 | AW38: Messaged | AY38: desungpinas | AZ38: https://www.tiktok.com/@desungpinas/video/7517154915186232594?is_from_webapp=1&sender_device=pc&web_id=7529868947924829714 | BB38: Consented, Not Included | BD38: nananuengsit | BE38: https://www.tiktok.com/@nananuengsit/video/7506916513811582226?is_from_webapp=1&sender_device=pc&web_id=7529868947924829714 | BG38: Messaged | BI38: espressomartiniqueeniee | BJ38: https://www.tiktok.com/@espressomartiniqueeniee/video/6895143423309843718?is_from_webapp=1&sender_device=pc&web_id=7529868947924829714 | BL38: Messaged
A39: frankoceanlover2354 | B39: https://www.tiktok.com/@frankoceanlover2354/video/7516599533040651551?is_from_webapp=1&sender_device=pc&web_id=7529868947924829714 | D39: Messaged | F39: _ptty19 | G39: https://vt.tiktok.com/ZSDAnLQ7b/ | I39: Messaged | K39: alanamolden | L39: https://vt.tiktok.com/ZSAvCaFaT/ | M39: alanam@clementinegroup.co | N39: Messaged | P39: zayamita05 | Q39: https://vt.tiktok.com/ZSDSYuS6b/ | S39: Messaged | U39: ustacsssg | V39: https://vt.tiktok.com/ZSDRpMy2x/ | X39: Messaged | Z39: hometownenergynutrition1 | AA39: https://www.tiktok.com/@hometownenergynutrition1/video/7539242841986387214?is_from_webapp=1&sender_device=pc&web_id=7529868947924829714 | AC39: Messaged | AE39: just_katlego16 | AF39: https://vt.tiktok.com/ZSDSs469C/ | AH39: Consented | AO39: __camilaleal | AP39: https://www.tiktok.com/@__camilaleal/video/7483363242685828360?is_from_webapp=1&sender_device=pc&web_id=7529868947924829714 | AR39: Messaged | AT39: kedjecc | AU39: https://www.tiktok.com/@kedjecc/video/7544292142873726209?is_from_webapp=1&sender_device=pc&web_id=7529868947924829714 | AW39: Messaged | AY39: elizamasa | AZ39: https://www.tiktok.com/@elizamasa/video/7512443472167587079?is_from_webapp=1&sender_device=pc&web_id=7529868947924829714 | BB39: Consented | BD39: tuesday.coffee | BE39: https://www.tiktok.com/@tuesday.coffee/video/7545878345620196621?is_from_webapp=1&sender_device=pc&web_id=7529868947924829714 | BG39: Messaged | BI39: kaestlecastle | BJ39: https://www.tiktok.com/@kaestlecastle/video/6859095156877004037?is_from_webapp=1&sender_device=pc&web_id=7529868947924829714 | BL39: Messaged
A40: ashlynnsspamm_1086 | B40: https://www.tiktok.com/@ashlynnsspamm_1086/video/7535007222972091678?is_from_webapp=1&sender_device=pc&web_id=7529868947924829714 | D40: Did not consent | F40: eurekapagaduann | G40: https://vt.tiktok.com/ZSDAnHLsj/ | I40: Messaged | K40: ccstudiosinc | L40: https://vt.tiktok.com/ZSAvCAUYH/ | N40: Messaged | P40: jjanneth_jjed | Q40: https://vt.tiktok.com/ZSDSYX1Ra/ | S40: Messaged | U40: goldenfitmeals | V40: https://vt.tiktok.com/ZSDRpkuoN/ | X40: Messaged | Z40: meganelisejohnson | AA40: https://www.tiktok.com/@meganelisejohnson/video/7536241903361101086?is_from_webapp=1&sender_device=pc&web_id=7529868947924829714 | AC40: Messaged | AE40: maki3nzie | AF40: https://vt.tiktok.com/ZSDSGF3Pf/ | AH40: Consented | AO40: underdogauthors | AP40: https://www.tiktok.com/@underdogauthors/video/7468226522692832545?is_from_webapp=1&sender_device=pc&web_id=7529868947924829714 | AR40: Messaged | AT40: zheeeenia | AU40: https://www.tiktok.com/@zheeeenia/video/7542106423883205906?is_from_webapp=1&sender_device=pc&web_id=7529868947924829714 | AW40: Messaged | AY40: giocelinesean | AZ40: https://www.tiktok.com/@giocelinesean/video/7536038584839654662?is_from_webapp=1&sender_device=pc&web_id=7529868947924829714 | BB40: Messaged | BD40: elizabethslife09 | BE40: https://www.tiktok.com/@elizabethslife09/video/7486995726426180907?is_from_webapp=1&sender_device=pc&web_id=7529868947924829714 | BF40: elizabeth@idolsandicons.co | BG40: Messaged | BI40: 50ragtop | BJ40: https://www.tiktok.com/@50ragtop/video/6886972355294416130?is_from_webapp=1&sender_device=pc&web_id=7529868947924829714 | BL40: Messaged
A41: miksandbits | B41: https://www.tiktok.com/@miksandbits/video/7441834626353515797?is_from_webapp=1&sender_device=pc&web_id=7529868947924829714 | D41: Consented, Not Included | F41: juszesek | G41: https://vt.tiktok.com/ZSDAnHbgs/ | I41: Messaged | K41: tyandco3 | L41: https://vt.tiktok.com/ZSAvCxUmx/ | N41: Messaged | P41: crazysouls74 | Q41: https://vt.tiktok.com/ZSDS2RpdE/ | S41: Messaged | U41: tpx.ph | V41: https://vt.tiktok.com/ZSDRpuNmm/ | X41: Messaged | Z41: cmlanes | AA41: https://www.tiktok.com/@cmlanes/video/7540472246335229239?is_from_webapp=1&sender_device=pc&web_id=7529868947924829714 | AC41: Messaged | AO41: mr.swartzberg | AP41: https://www.tiktok.com/@mr.swartzberg/video/7545138536907869470?is_from_webapp=1&sender_device=pc&web_id=7529868947924829714 | AR41: Messaged | AT41: hzl._.s | AU41: https://www.tiktok.com/@hzl._.s/video/7543962900956826898?is_from_webapp=1&sender_device=pc&web_id=7529868947924829714 | AW41: Messaged | AY41: missbrillian | AZ41: https://www.tiktok.com/@missbrillian/video/7512834104048618769?is_from_webapp=1&sender_device=pc&web_id=7529868947924829714 | BB41: Messaged | BD41: kathryn..larson | BE41: https://www.tiktok.com/@kathryn..larson/video/7520410214303010062?is_from_webapp=1&sender_device=pc&web_id=7529868947924829714 | BG41: Messaged | BI41: hayleyhacker6 | BJ41: https://www.tiktok.com/@hayleyhacker6/video/6874373406830152966?is_from_webapp=1&sender_device=pc&web_id=7529868947924829714 | BL41: Consented, Not Included
A42: tiffanyyreed | B42: https://www.tiktok.com/@tiffanyyreed/video/7515957536550407466?is_from_webapp=1&sender_device=pc&web_id=7529868947924829714 | D42: Messaged | F42: shaneewing55 | G42: https://vt.tiktok.com/ZSDAnfhqV/ | I42: Messaged | P42: insensitiveb | Q42: https://vt.tiktok.com/ZSDADC6TJ/ | S42: Messaged | U42: magicsingph | V42: https://vt.tiktok.com/ZSDRph3uU/ | X42: Messaged | Z42: jaylorswift | AA42: https://www.tiktok.com/@jaylorswift/video/7545005469971107127?is_from_webapp=1&sender_device=pc&web_id=7529868947924829714 | AC42: Messaged | AE42: justin | AF42: MISSING | AO42: skinspce | AP42: https://www.tiktok.com/@skinspce/video/7472435579129548054?is_from_webapp=1&sender_device=pc&web_id=7529868947924829714 | AQ42: raman98@hotmail.co.uk | AR42: Messaged | AT42: thrmrcrz | AU42: https://www.tiktok.com/@thrmrcrz/video/7545480727098395905?is_from_webapp=1&sender_device=pc&web_id=7529868947924829714 | AW42: Messaged | AY42: www.notizzy.com | AZ42: https://www.tiktok.com/@www.notizzy.com/video/7509036900502539563?is_from_webapp=1&sender_device=pc&web_id=7529868947924829714 | BB42: Messaged | BD42: pink_fish_0505 | BE42: https://www.tiktok.com/@pink_fish_0505/video/7530734323645959437?is_from_webapp=1&sender_device=pc&web_id=7529868947924829714 | BG42: Messaged | BI42: galandjosh | BJ42: https://www.tiktok.com/@galandjosh/video/6867305678373932294?is_from_webapp=1&sender_device=pc&web_id=7529868947924829714 | BK42: galandjosh@slogansocial.com | BL42: Messaged
A43: david.ob11 | B43: https://www.tiktok.com/@david.ob11/video/7460594093018746114?is_from_webapp=1&sender_device=pc&web_id=7529868947924829714 | C43: yngdavett@gmail.com | D43: Messaged | F43: notoliviapiage | G43: https://vt.tiktok.com/ZSDAWDq6M/ | I43: Messaged | K43: jersey parents | N43: Consented | P43: 4sistersz | Q43: https://vt.tiktok.com/ZSDADKN2X/ | S43: Messaged | U43: 5gcoffeehouseph | V43: https://vt.tiktok.com/ZSDRpS1Ce/ | X43: Messaged | Z43: theperkypupcoffeeco | AA43: https://www.tiktok.com/@theperkypupcoffeeco/video/7536170810470337823?is_from_webapp=1&sender_device=pc&web_id=7529868947924829714 | AC43: Messaged | AE43: notnikady | AF43: https://vt.tiktok.com/ZSDyuj5of/ | AO43: tiiaalgans | AP43: https://www.tiktok.com/@tiiaalgans/video/7472772763946634518?is_from_webapp=1&sender_device=pc&web_id=7529868947924829714 | AQ43: tiia.alg@gmail.com | AR43: Messaged | AT43: virgo..duh | AU43: https://www.tiktok.com/@virgo..duh/video/7542880258853375240?is_from_webapp=1&sender_device=pc&web_id=7529868947924829714 | AW43: Consented | AY43: maizysteve_ | AZ43: https://www.tiktok.com/@maizysteve_/video/7529893792753683720?is_from_webapp=1&sender_device=pc&web_id=7529868947924829714 | BB43: Consented, Not Included | BD43: erika_alyana | BE43: https://www.tiktok.com/@erika_alyana/video/7487988629202095378?is_from_webapp=1&sender_device=pc&web_id=7529868947924829714 | BG43: Messaged | BI43: ysteb | BJ43: https://www.tiktok.com/@ysteb/video/6924829233931980037?is_from_webapp=1&sender_device=pc&web_id=7529868947924829714 | BL43: Messaged
A44: zeeweenomnom | B44: https://www.tiktok.com/@zeeweenomnom/video/7530531105972178190?is_from_webapp=1&sender_device=pc&web_id=7529868947924829714 | D44: Messaged | F44: felishalynchxo | G44: https://vt.tiktok.com/ZSDAWhdqh/ | I44: Messaged | K44: shawn | P44: emiefra.diary | Q44: https://vt.tiktok.com/ZSDAU6bSr/ | S44: Messaged | U44: Scxnts | V44: https://www.instagram.com/reel/DHA6emiomlx/?igsh=b21iYjFoYXJ6aDlh | W44: Joshua Lu | X44: Consented, Not Included | Z44: ironhorsebtx | AA44: https://www.tiktok.com/@ironhorsebtx/video/7543846880036293918?is_from_webapp=1&sender_device=pc&web_id=7529868947924829714 | AC44: Messaged | AE44: inm.unsw | AF44: https://vt.tiktok.com/ZSDymKWn8/ | AO44: graciegirlhere | AP44: https://www.tiktok.com/@graciegirlhere/video/7467289187792784671?is_from_webapp=1&sender_device=pc&web_id=7529868947924829714 | AR44: Messaged | AT44: nikki.mosquito | AU44: https://www.tiktok.com/@nikki.mosquito/video/7545300406063156510?is_from_webapp=1&sender_device=pc&web_id=7529868947924829714 | AW44: Consented, Not Included | AY44: jordynparkerr8 | AZ44: https://www.tiktok.com/@jordynparkerr8/video/7506488897237503262?is_from_webapp=1&sender_device=pc&web_id=7529868947924829714 | BB44: Messaged | BD44: courtneyself_ | BE44: https://www.tiktok.com/@courtneyself_/video/7530817897342487839?is_from_webapp=1&sender_device=pc&web_id=7529868947924829714 | BG44: Messaged | BI44: anapaulaholla | BJ44: https://www.tiktok.com/@anapaulaholla/video/6859116192091737349?is_from_webapp=1&sender_device=pc&web_id=7529868947924829714 | BL44: Messaged
A45: hanim_104 | B45: https://www.tiktok.com/@hanim_104/video/7523958234248383762?is_from_webapp=1&sender_device=pc&web_id=7529868947924829714 | D45: Consented | F45: kanpaiboca | G45: https://vt.tiktok.com/ZSDAWDuoD/ | I45: Messaged | K45: justin | P45: chtki_in_korea147 | Q45: https://vt.tiktok.com/ZSDAUkKM1/ | S45: Messaged | U45: DLSU JEMA | V45: https://www.instagram.com/reel/DHlQiijy-G1/?igsh=bHIzMXU5ODlocXFi | W45: Angelo Laz | X45: Consented | Z45: dezarey_ | AA45: https://www.tiktok.com/@dezarey_/video/7535531416260529421?is_from_webapp=1&sender_device=pc&web_id=7529868947924829714 | AC45: Messaged | AE45: imanisallahh | AF45: https://vt.tiktok.com/ZSDyuyRRc/ | AO45: not_tash_s | AP45: https://www.tiktok.com/@not_tash_s/video/7475043555296283935?is_from_webapp=1&sender_device=pc&web_id=7529868947924829714 | AQ45: tashasheridans@gmail.com | AR45: Messaged | AT45: _deniseee17 | AU45: https://www.tiktok.com/@_deniseee17/video/7544662440345111815?is_from_webapp=1&sender_device=pc&web_id=7529868947924829714 | AW45: Messaged | AY45: veronicaridad_ | AZ45: https://www.tiktok.com/@veronicaridad_/video/7513532073911553288?is_from_webapp=1&sender_device=pc&web_id=7529868947924829714 | BB45: Consented | BD45: teacher.maria.juana0302 | BE45: https://www.tiktok.com/@teacher.maria.juana0302/video/7540929623333408030?is_from_webapp=1&sender_device=pc&web_id=7529868947924829714 | BG45: Messaged | BI45: justin_glaze | BJ45: https://www.tiktok.com/@justin_glaze/video/7256606886768708910?is_from_webapp=1&sender_device=pc&web_id=7529868947924829714 | BL45: Messaged
A46: holls.help | B46: https://www.tiktok.com/@holls.help/video/7497934231805496598?is_from_webapp=1&sender_device=pc&web_id=7529868947924829714 | D46: Messaged | F46: dylanandanna | G46: https://vt.tiktok.com/ZSDAWSBhK/ | I46: Messaged | P46: zayandliaa | Q46: https://vt.tiktok.com/ZSDAfqMkE/ | S46: Messaged | Z46: psalms23coffee | AA46: https://www.tiktok.com/@psalms23coffee/video/7541970329992826142?is_from_webapp=1&sender_device=pc&web_id=7529868947924829714 | AC46: Messaged | AE46: muktiorganics | AF46: https://vt.tiktok.com/ZSDyuHBAN/ | AO46: sarah.spams.a.lot | AP46: https://www.tiktok.com/@sarah.spams.a.lot/video/7466507433767226666?is_from_webapp=1&sender_device=pc&web_id=7529868947924829714 | AR46: Messaged | AT46: sofiamaraguinot_ | AU46: https://www.tiktok.com/@sofiamaraguinot_/video/7543925837624593672?is_from_webapp=1&sender_device=pc&web_id=7529868947924829714 | AW46: Consented, Not Included | AY46: gwenji12 | AZ46: https://www.tiktok.com/@gwenji12/video/7506959433738554655?is_from_webapp=1&sender_device=pc&web_id=7529868947924829714 | BB46: Messaged | BD46: audi.ferrin | BE46: https://www.tiktok.com/@audi.ferrin/video/7522668695500393783?is_from_webapp=1&sender_device=pc&web_id=7529868947924829714 | BG46: Messaged | BI46: thefitnessmarshall | BJ46: https://www.tiktok.com/@thefitnessmarshall/video/7180781982111124782?is_from_webapp=1&sender_device=pc&web_id=7529868947924829714 | BK46: cmarshall@mattermediagroup.com | BL46: Messaged
A47: .analaurabarbosa | B47: https://www.tiktok.com/@.analaurabarbosa/video/7475754648599530783?is_from_webapp=1&sender_device=pc&web_id=7529868947924829714 | D47: Messaged | F47: jemmymeowy | G47: https://vt.tiktok.com/ZSDAW54u2/ | I47: Consented | K47: 12nostrils | L47: https://vt.tiktok.com/ZSDSsQUrj/ | N47: Consented | P47: aubreyandversace | Q47: https://vt.tiktok.com/ZSDAP1NHG/ | S47: Messaged | Z47: antlerscoffeehouse | AA47: https://www.tiktok.com/@antlerscoffeehouse/video/7545176397803687190?is_from_webapp=1&sender_device=pc&web_id=7529868947924829714 | AB47: ig | AC47: Messaged | AE47: chloerbrts | AF47: https://vt.tiktok.com/ZSDyq2oBV/ | AH47: Consented | AO47: pooja.kisoensingh | AP47: https://www.tiktok.com/@pooja.kisoensingh/video/7513258145376914693?is_from_webapp=1&sender_device=pc&web_id=7529868947924829714 | AR47: Messaged | AT47: chad242 | AU47: https://www.tiktok.com/@chad242/video/7539828353243663634?is_from_webapp=1&sender_device=pc&web_id=7529868947924829714 | AW47: Messaged | AY47: clinton25889 | AZ47: https://www.tiktok.com/@clinton25889/video/7508529258772434183?is_from_webapp=1&sender_device=pc&web_id=7529868947924829714 | BB47: Messaged | BD47: carolinaaa_w | BE47: https://www.tiktok.com/@carolinaaa_w/video/7473430133622328598?is_from_webapp=1&sender_device=pc&web_id=7529868947924829714 | BF47: carolinawsr99@gmail.com | BG47: Messaged | BI47: neeley_twins | BJ47: https://www.tiktok.com/@neeley_twins/video/6878682036027051269?is_from_webapp=1&sender_device=pc&web_id=7529868947924829714 | BL47: Messaged
A48: user080912060111 | B48: https://www.tiktok.com/@user080912060111/video/7531096665705417997?is_from_webapp=1&sender_device=pc&web_id=7529868947924829714 | D48: Messaged | F48: jjmoniquez | G48: https://vt.tiktok.com/ZSDAWMQnK/ | I48: Messaged | P48: tamara060596 | Q48: https://vt.tiktok.com/ZSDAfbLMP/ | S48: Messaged | Z48: the.new.wellington | AA48: https://www.tiktok.com/@the.new.wellington/video/7542990206480239894?is_from_webapp=1&sender_device=pc&web_id=7529868947924829714 | AB48: ig | AC48: Messaged | AE48: Sophia | AH48: Consented | AO48: skindaddie | AP48: https://www.tiktok.com/@skindaddie/video/7476592776478543147?is_from_webapp=1&sender_device=pc&web_id=7529868947924829714 | AR48: Messaged | AT48: miss_sampaguita | AU48: https://www.tiktok.com/@miss_sampaguita/video/7545092860807220488?is_from_webapp=1&sender_device=pc&web_id=7529868947924829714 | AW48: Messaged | AY48: nicole.finianos | AZ48: https://www.tiktok.com/@nicole.finianos/video/7514645395138563336?is_from_webapp=1&sender_device=pc&web_id=7529868947924829714 | BB48: Consented | BD48: charlieemilybutler | BE48: https://www.tiktok.com/@charlieemilybutler/video/7520580490169044242?is_from_webapp=1&sender_device=pc&web_id=7529868947924829714 | BF48: charlieemilybutler@gmail.com | BG48: Messaged | BI48: famousblonde | BJ48: https://www.tiktok.com/@famousblonde/video/6855800860400684293?is_from_webapp=1&sender_device=pc&web_id=7529868947924829714 | BL48: Messaged
A49: kisforkya | B49: https://www.tiktok.com/@kisforkya/video/7496548112152939798?is_from_webapp=1&sender_device=pc&web_id=7529868947924829714 | D49: Messaged | F49: mamemaenimori | G49: https://vt.tiktok.com/ZSDUXGkr7/ | I49: Messaged | P49: sheabug27 | Q49: https://vt.tiktok.com/ZSDAfb1Vq/ | S49: Messaged | Z49: taqueriavallarta1 | AA49: https://www.tiktok.com/@taqueriavallarta1/video/7547813619958811918?is_from_webapp=1&sender_device=pc&web_id=7529868947924829714 | AC49: Messaged | AE49: shawn | AF49: MISSING | AH49: Consented | AO49: megtruck | AP49: https://www.tiktok.com/@megtruck/video/7467430140843248938?is_from_webapp=1&sender_device=pc&web_id=7529868947924829714 | AQ49: trucksismeghan@gmail.com | AR49: Messaged | AT49: alychiatoo | AU49: https://www.tiktok.com/@alychiatoo/video/7543851865365089554?is_from_webapp=1&sender_device=pc&web_id=7529868947924829714 | AW49: Consented | AY49: gioasjiyoww | AZ49: https://www.tiktok.com/@gioasjiyoww/video/7511785253237787912?is_from_webapp=1&sender_device=pc&web_id=7529868947924829714 | BB49: Consented | BD49: addymae177 | BE49: https://www.tiktok.com/@addymae177/video/7547843023061798175?is_from_webapp=1&sender_device=pc&web_id=7529868947924829714 | BG49: Messaged | BI49: teacherthingsforthird | BJ49: https://www.tiktok.com/@teacherthingsforthird/video/7118463776726289706?is_from_webapp=1&sender_device=pc&web_id=7529868947924829714 | BL49: Messaged
A50: user_10.11.10 | B50: https://www.tiktok.com/@user_10.11.10/video/7497824510700178718?is_from_webapp=1&sender_device=pc&web_id=7529868947924829714 | D50: Messaged | F50: kylehuiso | G50: https://vt.tiktok.com/ZSDymypMt/ | I50: Messaged | P50: yeti_boy23 | Q50: https://vt.tiktok.com/ZSDAfGsC5/ | S50: Messaged | Z50: willow.fern.brighton | AA50: https://www.tiktok.com/@willow.fern.brighton/video/7547782019799944479?is_from_webapp=1&sender_device=pc&web_id=7529868947924829714 | AC50: Messaged | AO50: oh.emmii | AP50: https://www.tiktok.com/@oh.emmii/video/7474157749669154094?is_from_webapp=1&sender_device=pc&web_id=7529868947924829714 | AR50: Messaged | AT50: frankieprimavera | AU50: https://www.tiktok.com/@frankieprimavera/video/7545511627081223431?is_from_webapp=1&sender_device=pc&web_id=7529868947924829714 | AW50: Consented, Not Included | AY50: madisonloweee | AZ50: https://www.tiktok.com/@madisonloweee/video/7508839090540907822?is_from_webapp=1&sender_device=pc&web_id=7529868947924829714 | BB50: Messaged | BD50: michellesays | BE50: https://www.tiktok.com/@michellesays/video/7547540977460759822?is_from_webapp=1&sender_device=pc&web_id=7529868947924829714 | BF50: Michellesays@select.co | BG50: Messaged | BI50: georgieg2468 | BJ50: https://www.tiktok.com/@georgieg2468/video/6929022815102323970?is_from_webapp=1&sender_device=pc&web_id=7529868947924829714 | BL50: Messaged
A51: nadzdiaries | B51: https://www.tiktok.com/@nadzdiaries/video/7532216136776060215?is_from_webapp=1&sender_device=pc&web_id=7529868947924829714 | C51: nadaelbeyali@gmail.com | D51: Messaged | F51: mayamartorillaspe | G51: https://vt.tiktok.com/ZSDymBtcr/ | I51: Messaged | P51: kellyhumphreys87 | Q51: https://vt.tiktok.com/ZSDAfgxjX/ | S51: Messaged | Z51: c.hristina.z | AA51: https://www.tiktok.com/@c.hristina.z/video/7538122087609814286?is_from_webapp=1&sender_device=pc&web_id=7529868947924829714 | AC51: Messaged | AO51: housruk | AP51: https://www.tiktok.com/@housruk/video/7472704815672478998?is_from_webapp=1&sender_device=pc&web_id=7529868947924829714 | AR51: Messaged | AT51: notmurphyy_ | AU51: https://www.tiktok.com/@notmurphyy_/video/7544436790430567687?is_from_webapp=1&sender_device=pc&web_id=7529868947924829714 | AW51: Messaged | AY51: aurzljn | AZ51: https://www.tiktok.com/@aurzljn/video/7522305815315860743?is_from_webapp=1&sender_device=pc&web_id=7529868947924829714 | BB51: Messaged | BD51: un.dia.fuerte | BE51: https://www.tiktok.com/@un.dia.fuerte/video/7510441723089276206?is_from_webapp=1&sender_device=pc&web_id=7529868947924829714 | BG51: Consented | BI51: theploofs | BJ51: https://www.tiktok.com/@theploofs/video/6869471377750117637?is_from_webapp=1&sender_device=pc&web_id=7529868947924829714 | BK51: Biz-joey@matl-ent.com | BL51: Messaged
A52: r1hvnnaaaaa | B52: https://www.tiktok.com/@r1hvnnaaaaa/video/7537241743570308360?is_from_webapp=1&sender_device=pc&web_id=7529868947924829714 | D52: Consented, Not Included | F52: nestllysid | G52: https://vt.tiktok.com/ZSDymQeRb/ | I52: Messaged | P52: celinaataya | Q52: https://vt.tiktok.com/ZSDAPh1tE/ | S52: Messaged | Z52: joely_bird | AA52: https://www.tiktok.com/@joely_bird/video/7545406096454814998?is_from_webapp=1&sender_device=pc&web_id=7529868947924829714 | AC52: Messaged | AO52: jacscaveofwonders | AP52: https://www.tiktok.com/@jacscaveofwonders/video/7471833814537456914?is_from_webapp=1&sender_device=pc&web_id=7529868947924829714 | AR52: Messaged | AT52: lyyzsaaa | AU52: https://www.tiktok.com/@lyyzsaaa/video/7545715002729073927?is_from_webapp=1&sender_device=pc&web_id=7529868947924829714 | AW52: Messaged | AY52: moretoamedic | AZ52: https://www.tiktok.com/@moretoamedic/video/7508083178440117526?is_from_webapp=1&sender_device=pc&web_id=7529868947924829714 | BB52: Messaged | BD52: maite__fonseca | BE52: https://www.tiktok.com/@maite__fonseca/video/7480076778740911382?is_from_webapp=1&sender_device=pc&web_id=7529868947924829714 | BF52: maite@levenagency.co | BG52: Messaged | BI52: brooke_lynnmilne | BJ52: https://www.tiktok.com/@brooke_lynnmilne/video/7059608289847463214?is_from_webapp=1&sender_device=pc&web_id=7529868947924829714 | BK52: brooke.anderson014@gmail.com | BL52: Messaged
A53: typriv18 | B53: https://www.tiktok.com/@typriv18/video/7464211051987356959?is_from_webapp=1&sender_device=pc&web_id=7529868947924829714 | D53: Messaged | F53: jnlzbthm | G53: https://vt.tiktok.com/ZSDymD7pP/ | I53: Messaged | P53: naomi_rudolph | Q53: https://vt.tiktok.com/ZSDAP24qE/ | S53: Messaged | Z53: sweetvailcafe | AA53: https://www.tiktok.com/@sweetvailcafe/video/7547032022657649951?is_from_webapp=1&sender_device=pc&web_id=7529868947924829714 | AC53: Messaged | AO53: alice_gigney | AP53: https://www.tiktok.com/@alice_gigney/video/7501010491242745110?is_from_webapp=1&sender_device=pc&web_id=7529868947924829714 | AR53: Messaged | AT53: sengwaah | AU53: https://www.tiktok.com/@sengwaah/video/7539852686271712520?is_from_webapp=1&sender_device=pc&web_id=7529868947924829714 | AW53: Consented, Not Included | BD53: soltanaslife | BE53: https://www.tiktok.com/@soltanaslife/video/7549305642226421005?is_from_webapp=1&sender_device=pc&web_id=7529868947924829714 | BF53: life.of.soltana@gmail.com | BG53: Consented | BI53: biankaalexis | BJ53: https://www.tiktok.com/@biankaalexis/video/6856525009431661830?is_from_webapp=1&sender_device=pc&web_id=7529868947924829714 | BK53: biankaalexisbusiness@gmail | BL53: Messaged
A54: saabr.na | B54: https://www.tiktok.com/@saabr.na/video/7526193281210912022?is_from_webapp=1&sender_device=pc&web_id=7529868947924829714 | C54: sabrina.ugc@gmx.at | D54: Messaged | F54: gkfornxid | G54: https://vt.tiktok.com/ZSDym42TE/ | I54: Messaged | P54: lesliehernandezt | Q54: https://vt.tiktok.com/ZSDAPANvD/ | S54: Messaged | Z54: mariahmixes | AA54: https://www.tiktok.com/@mariahmixes/video/7544558848820923679?is_from_webapp=1&sender_device=pc&web_id=7529868947924829714 | AC54: Messaged | AO54: mari_rebuilt | AP54: https://www.tiktok.com/@mari_rebuilt/video/7520389275926465798?is_from_webapp=1&sender_device=pc&web_id=7529868947924829714 | AR54: Messaged | AT54: pzxctaz | AU54: https://www.tiktok.com/@pzxctaz/video/7545360063586684168?is_from_webapp=1&sender_device=pc&web_id=7529868947924829714 | AW54: Messaged | BD54: isabellajuliaw | BE54: https://www.tiktok.com/@isabellajuliaw/video/7465125314180484383?is_from_webapp=1&sender_device=pc&web_id=7529868947924829714 | BF54: isabellajuliaw@gmail.com | BG54: Messaged | BI54: trinahmaee_ | BJ54: https://www.tiktok.com/@trinahmaee_/video/6889452204181163265?is_from_webapp=1&sender_device=pc&web_id=7529868947924829714 | BL54: Consented
A55: celinest | B55: https://www.tiktok.com/@celinest/video/7492010595399617810?is_from_webapp=1&sender_device=pc&web_id=7529868947924829714 | D55: Messaged | F55: jueimae02 | G55: https://vt.tiktok.com/ZSDym5Auk/ | I55: Messaged | P55: sydneemcevoy | Q55: https://vt.tiktok.com/ZSDAPBePR/ | S55: Messaged | Z55: 50flavsbakerybrew | AA55: https://www.tiktok.com/@50flavsbakerybrew/video/7548937563378175245?is_from_webapp=1&sender_device=pc&web_id=7529868947924829714 | AC55: Messaged | AO55: microphonegoddesss | AP55: https://www.tiktok.com/@microphonegoddesss/video/7476080398078905622?is_from_webapp=1&sender_device=pc&web_id=7529868947924829714 | AR55: Messaged | AT55: saintnico.222 | AU55: https://www.tiktok.com/@saintnico.222/video/7541721960754072839?is_from_webapp=1&sender_device=pc&web_id=7529868947924829714 | AW55: Messaged | BD55: ellisealou | BE55: https://www.tiktok.com/@ellisealou/video/7473601722720619822?is_from_webapp=1&sender_device=pc&web_id=7529868947924829714 | BF55: kaitlyn@cmgworldwide.com | BG55: Messaged | BI55: sarahbetts | BJ55: https://www.tiktok.com/@sarahbetts/video/7090888315821362434?is_from_webapp=1&sender_device=pc&web_id=7529868947924829714 | BK55: sarahbetts@thisisamplify.com | BL55: Messaged
A56: joohanney | B56: https://www.tiktok.com/@joohanney/video/7505012201946631442?is_from_webapp=1&sender_device=pc&web_id=7529868947924829714 | D56: Consented | F56: itspaulramos | G56: https://vt.tiktok.com/ZSDyujFXt/ | I56: Consented | P56: lizzy.305 | Q56: https://vt.tiktok.com/ZSDAPywy5/) | S56: Messaged | Z56: eltapcafe | AA56: https://www.tiktok.com/@eltapcafe/video/7548945156406283575?is_from_webapp=1&sender_device=pc&web_id=7529868947924829714 | AC56: Messaged | AO56: texas_starch_co | AP56: https://www.tiktok.com/@texas_starch_co/video/7529418189613141262?is_from_webapp=1&sender_device=pc&web_id=7529868947924829714 | AR56: Messaged | AT56: pomaonemillion | AU56: https://www.tiktok.com/@pomaonemillion/video/7544719340474502418?is_from_webapp=1&sender_device=pc&web_id=7529868947924829714 | AW56: Messaged | BD56: aaronsalley | BE56: https://www.tiktok.com/@aaronsalley/video/7548960518225005838?is_from_webapp=1&sender_device=pc&web_id=7529868947924829714 | BG56: Messaged | BI56: sarahbetts | BJ56: https://www.tiktok.com/@sarahbetts/video/7106478823243304193?is_from_webapp=1&sender_device=pc&web_id=7529868947924829714 | BL56: Messaged
A57: uehehumicvs | B57: https://www.tiktok.com/@uehehumicvs/video/7537502827782950158?is_from_webapp=1&sender_device=pc&web_id=7529868947924829714 | D57: Messaged | P57: thebatosparty | Q57: https://vt.tiktok.com/ZSDAP2urp/ | S57: Messaged | Z57: ourhometowncoffee | AA57: https://www.tiktok.com/@ourhometowncoffee/video/7540708595806014733?is_from_webapp=1&sender_device=pc&web_id=7529868947924829714 | AC57: Messaged | AO57: 12.gauge.n | AP57: https://www.tiktok.com/@12.gauge.n/video/7470768868496297262?lang=en | AR57: Messaged | AT57: itsugcpammy | AU57: https://www.tiktok.com/@itsugcpammy/video/7542441708106026258?is_from_webapp=1&sender_device=pc&web_id=7529868947924829714 | AW57: Messaged | BD57: eliserosemaryyy | BE57: https://www.tiktok.com/@eliserosemaryyy/video/7532610844199357727?is_from_webapp=1&sender_device=pc&web_id=7529868947924829714 | BF57: petersoneliser@gmail.com | BG57: Messaged | BI57: sarahbetts | BJ57: https://www.tiktok.com/@sarahbetts/video/7114638647785278722?is_from_webapp=1&sender_device=pc&web_id=7529868947924829714 | BL57: Messaged
A58: bambibella777 | B58: https://www.tiktok.com/@bambibella777/video/7517687471442906390?is_from_webapp=1&sender_device=pc&web_id=7529868947924829714 | D58: Consented, Not Included | P58: crizabensing | Q58: https://vt.tiktok.com/ZSDAP5UoV/ | S58: Messaged | Z58: tuttlesmeatmarket | AA58: https://www.tiktok.com/@tuttlesmeatmarket/video/7532642606728170807?is_from_webapp=1&sender_device=pc&web_id=7529868947924829714 | AC58: Messaged | AO58: dancecodemunich | AP58: https://www.tiktok.com/@dancecodemunich/video/7494361403499859222?is_from_webapp=1&sender_device=pc&web_id=7529868947924829714 | AR58: Messaged | AT58: quinnfre | AU58: https://www.tiktok.com/@quinnfre/video/7544358126716275976?is_from_webapp=1&sender_device=pc&web_id=7529868947924829714 | AW58: Messaged | BD58: nurse.maddi | BE58: https://www.tiktok.com/@nurse.maddi/video/7537198347812195614?is_from_webapp=1&sender_device=pc&web_id=7529868947924829714 | BG58: Messaged | BI58: sarahbetts | BJ58: https://www.tiktok.com/@sarahbetts/video/7121661537546226946?is_from_webapp=1&sender_device=pc&web_id=7529868947924829714 | BL58: Messaged
A59: y0rubangel | B59: https://www.tiktok.com/@y0rubangel/video/7377131822708313386?is_from_webapp=1&sender_device=pc&web_id=7529868947924829714 | D59: Messaged | P59: liy_1203 | Q59: https://vt.tiktok.com/ZSDAPMJX6/ | S59: Messaged | AO59: ferbersamelisengarten | AP59: https://www.tiktok.com/@ferbersamelisengarten/video/7492863080737557782?is_from_webapp=1&sender_device=pc&web_id=7529868947924829714 | AR59: Messaged | AT59: whoooootfisdesiiiii | AU59: https://www.tiktok.com/@whoooootfisdesiiiii/video/7542242175157832977?is_from_webapp=1&sender_device=pc&web_id=7529868947924829714 | AW59: Messaged | BD59: tru_moo | BE59: https://www.tiktok.com/@tru_moo/video/7524075818000207134?is_from_webapp=1&sender_device=pc&web_id=7529868947924829714 | BG59: Messaged | BI59: sarahbetts | BJ59: https://www.tiktok.com/@sarahbetts/video/7136524523553246466?is_from_webapp=1&sender_device=pc&web_id=7529868947924829714 | BL59: Messaged
A60: kimccchii | B60: https://www.tiktok.com/@kimccchii/video/7535497433040686366?is_from_webapp=1&sender_device=pc&web_id=7529868947924829714 | C60: Kimberlybeltran.g@gmail.com | D60: Messaged | P60: jesereysanchez | Q60: https://vt.tiktok.com/ZSDAPxvrq/ | S60: Messaged | AO60: its.christinne | AP60: https://www.tiktok.com/@its.christinne/video/7469759856216509703?is_from_webapp=1&sender_device=pc&web_id=7529868947924829714 | AR60: Messaged | AT60: .zouielouise | AU60: https://www.tiktok.com/@.zouielouise/video/7545034183911951623?is_from_webapp=1&sender_device=pc&web_id=7529868947924829714 | AW60: Messaged | BD60: isabelladalonzo | BE60: https://www.tiktok.com/@isabelladalonzo/video/7549290056683392311?is_from_webapp=1&sender_device=pc&web_id=7529868947924829714 | BG60: Messaged | BI60: sarahbetts | BJ60: https://www.tiktok.com/@sarahbetts/video/7145057538734689537?is_from_webapp=1&sender_device=pc&web_id=7529868947924829714 | BL60: Messaged
A61: carocore_ | B61: https://www.tiktok.com/@carocore_/video/7503596826533154094?is_from_webapp=1&sender_device=pc&web_id=7529868947924829714 | C61: carolinewolfe7710@icloud.com | D61: Consented, Not Included | P61: switdonnie | Q61: https://vt.tiktok.com/ZSDAPEpuP/ | S61: Consented | AO61: mollymrynn | AP61: https://www.tiktok.com/@mollymrynn/video/7468720105896152352?is_from_webapp=1&sender_device=pc&web_id=7529868947924829714 | AR61: Messaged | AT61: katie_burns512 | AU61: https://www.tiktok.com/@katie_burns512/video/7529676368594963743?is_from_webapp=1&sender_device=pc&web_id=7529868947924829714 | AW61: Messaged | BD61: .hana_a | BE61: https://www.tiktok.com/@.hana_a/video/7487347357013593364?is_from_webapp=1&sender_device=pc&web_id=7529868947924829714 | BG61: Messaged | BI61: sarahbetts | BJ61: https://www.tiktok.com/@sarahbetts/video/7160649291004972290?is_from_webapp=1&sender_device=pc&web_id=7529868947924829714 | BL61: Messaged
A62: anetatsar | B62: https://www.tiktok.com/@anetatsar/video/7529664237375950135?is_from_webapp=1&sender_device=pc&web_id=7529868947924829714 | D62: Messaged | P62: pujaranamagar60 | Q62: https://vt.tiktok.com/ZSDAPQEVQ/ | S62: Messaged | AO62: gold.x.jewels | AP62: https://www.tiktok.com/@gold.x.jewels/video/7542498052209151264?is_from_webapp=1&sender_device=pc&web_id=7529868947924829714 | AR62: Messaged | AU62: Total Consented: | AW62: =COUNTIF($AW$3:$AW$61,"consented") -> 10 | AZ62: Total Consented: | BB62: =COUNTIF($BB$3:$BB$61,"consented") -> 10 | BD62: polshkova.veronika | BE62: https://www.tiktok.com/@polshkova.veronika/video/7473807799596895534?is_from_webapp=1&sender_device=pc&web_id=7529868947924829714 | BG62: Messaged | BI62: sarahbetts | BJ62: https://www.tiktok.com/@sarahbetts/video/7221131858304666881?is_from_webapp=1&sender_device=pc&web_id=7529868947924829714 | BL62: Messaged
A63: mrstirfrypt2 | B63: https://www.tiktok.com/@mrstirfrypt2/video/7530097944502996279?is_from_webapp=1&sender_device=pc&web_id=7529868947924829714 | D63: Messaged | P63: kaylin_li | Q63: https://vt.tiktok.com/ZSDAP4oVT/ | S63: Messaged | AO63: liljellys | AP63: https://www.tiktok.com/@liljellys/video/7479964398237355310?is_from_webapp=1&sender_device=pc&web_id=7529868947924829714 | AR63: Messaged | BD63: blockmeganout | BE63: https://www.tiktok.com/@blockmeganout/video/7480355549838658859?is_from_webapp=1&sender_device=pc&web_id=7529868947924829714 | BF63: megan.ga.hs@gmail.com | BG63: Messaged | BI63: sarahbetts | BJ63: https://www.tiktok.com/@sarahbetts/video/7335045393207594258?is_from_webapp=1&sender_device=pc&web_id=7529868947924829714 | BL63: Messaged
A64: riley_hope13 | B64: https://www.tiktok.com/@riley_hope13/video/7512166446911278382?is_from_webapp=1&sender_device=pc&web_id=7529868947924829714 | C64: rileyhope0913@gmail.com | D64: Messaged | P64: gerardvillar738 | Q64: https://vt.tiktok.com/ZSDAPqyRP/ | S64: Consented | V64: Total Consented: | X64: =COUNTIF($X$3:$X$49,"consented") -> 10 | AA64: Total Consented: | AC64: =COUNTIF($AC$3:$AC$63,"consented") -> 4 | AF64: Total Consented: | AH64: =COUNTIF($AH3:$AH63,"consented") -> 10 | AK64: Total Consented: | AM64: =COUNTIF($AM3:$AM43,"consented") -> 10 | AO64: torotoro131 | AP64: https://www.tiktok.com/@torotoro131/video/7482566668749638943?is_from_webapp=1&sender_device=pc&web_id=7529868947924829714 | AR64: Messaged | AU64: Meme video clips for marketing | BD64: vianeyquirozm | BE64: https://www.tiktok.com/@vianeyquirozm/video/7483340998257511710?is_from_webapp=1&sender_device=pc&web_id=7529868947924829714 | BG64: Messaged | BI64: sarahbetts | BJ64: https://www.tiktok.com/@sarahbetts/video/7307217421633391879?is_from_webapp=1&sender_device=pc&web_id=7529868947924829714 | BL64: Messaged
A65: joywithkendall | B65: https://www.tiktok.com/@joywithkendall/video/7525251478936685838?is_from_webapp=1&sender_device=pc&web_id=7529868947924829714 | D65: Messaged | P65: shairahkmelo | Q65: https://vt.tiktok.com/ZSDya7pGy/ | AO65: mals.inspo | AP65: https://www.tiktok.com/@mals.inspo/video/7486546269389868319?is_from_webapp=1&sender_device=pc&web_id=7529868947924829714 | AR65: Consented | BD65: acharyasejal | BE65: https://www.tiktok.com/@acharyasejal/video/7529363725271338247?is_from_webapp=1&sender_device=pc&web_id=7529868947924829714 | BF65: acharyasejal0@gmail.com | BG65: Messaged | BI65: sarahbetts | BJ65: https://www.tiktok.com/@sarahbetts/video/7274193590249737479?is_from_webapp=1&sender_device=pc&web_id=7529868947924829714 | BL65: Messaged
A66: simplyunplugged | B66: https://www.tiktok.com/@simplyunplugged/video/7519195701356596511?is_from_webapp=1&sender_device=pc&web_id=7529868947924829714 | D66: Messaged | P66: deyberamen | Q66: https://vt.tiktok.com/ZSDyaPJEU/ | R66: Englicom - Dave Twan | S66: Consented | AO66: whatyoudontsee.annie | AP66: https://www.tiktok.com/@whatyoudontsee.annie/video/7473750137131601157?is_from_webapp=1&sender_device=pc&web_id=7529868947924829714 | AR66: Messaged | BD66: tzerine07 | BE66: https://www.tiktok.com/@tzerine07/video/7546359062863121681?is_from_webapp=1&sender_device=pc&web_id=7529868947924829714 | BG66: Messaged | BI66: sarahbetts | BJ66: https://www.tiktok.com/@sarahbetts41/video/7274893313310838059?is_from_webapp=1&sender_device=pc&web_id=7529868947924829714 | BL66: Messaged
A67: vidaveneracion_ | B67: https://www.tiktok.com/@vidaveneracion_/video/7542489440325750034?is_from_webapp=1&sender_device=pc&web_id=7529868947924829714 | D67: Messaged | P67: vmflxl0206_ | Q67: https://vt.tiktok.com/ZSDymhtXE/ | AO67: angiewulala | AP67: https://www.tiktok.com/@angiewulala/video/7486227989483769134?is_from_webapp=1&sender_device=pc&web_id=7529868947924829714 | AR67: Messaged | BD67: rodlinejrm | BE67: https://www.tiktok.com/@rodlinejrm/video/7546058581209074952?is_from_webapp=1&sender_device=pc&web_id=7529868947924829714 | BG67: Messaged | BI67: jack_biggs | BJ67: https://www.tiktok.com/@jack_biggs/video/7346280810351267105?is_from_webapp=1&sender_device=pc&web_id=7529868947924829714 | BK67: si@sharpergrp.com | BL67: Messaged
A68: theilzezile | B68: https://www.tiktok.com/@theilzezile/video/7529460758007057686?is_from_webapp=1&sender_device=pc&web_id=7529868947924829714 | D68: Messaged | P68: ninadeecee | Q68: https://vt.tiktok.com/ZSDyacerk/ | S68: Consented | AO68: angelicaeilish | AP68: https://www.tiktok.com/@angelicaeilish/video/7504224318021225750?is_from_webapp=1&sender_device=pc&web_id=7529868947924829714 | AR68: Consented | BD68: solarteamtwente | BE68: https://www.tiktok.com/@solarteamtwente/video/7539455288156392726?is_from_webapp=1&sender_device=pc&web_id=7529868947924829714 | BG68: Messaged | BI68: micahandchloe | BJ68: https://www.tiktok.com/@micahandchloe/video/7241391720850574593?is_from_webapp=1&sender_device=pc&web_id=7529868947924829714 | BK68: mikeandchloelala@gmail.com | BL68: Messaged
A69: myagre2001 | B69: https://www.tiktok.com/@myagre2001/video/7505163418173852933?is_from_webapp=1&sender_device=pc&web_id=7529868947924829714 | D69: Messaged | P69: itz.shahzadd | Q69: https://vt.tiktok.com/ZSDyuJeS3/ | S69: Consented | AO69: jennifer.fnb | AP69: https://www.tiktok.com/@jennifer.fnb/video/7472789944163962134?is_from_webapp=1&sender_device=pc&web_id=7529868947924829714 | AR69: Messaged | BD69: matildaakerr | BE69: https://www.tiktok.com/@matildaakerr/video/7515942982374132999?is_from_webapp=1&sender_device=pc&web_id=7529868947924829714 | BG69: Messaged | BI69: joelandkat | BJ69: https://www.tiktok.com/@joelandkat/video/7189942304113773851?is_from_webapp=1&sender_device=pc&web_id=7529868947924829714 | BK69: joelandkat21@gmail.com | BL69: Messaged
A70: sarliunlimited | B70: https://www.tiktok.com/@sarliunlimited/video/7547028611975482646?is_from_webapp=1&sender_device=pc&web_id=7529868947924829714 | C70: info@table33.de | D70: Consented | AO70: saralesss | AP70: https://www.tiktok.com/@saralesss/video/7473496876919098642?is_from_webapp=1&sender_device=pc&web_id=7529868947924829714 | AR70: Messaged | BD70: pookie4u2_ | BE70: https://www.tiktok.com/@pookie4u2_/video/7473729910385806634?is_from_webapp=1&sender_device=pc&web_id=7529868947924829714 | BG70: Messaged | BI70: bramty | BJ70: https://www.tiktok.com/@bramty/video/7332616230970412330?is_from_webapp=1&sender_device=pc&web_id=7529868947924829714 | BL70: Messaged
A71: payner34 | B71: https://www.tiktok.com/@payner34/video/7464328463063960878?is_from_webapp=1&sender_device=pc&web_id=7529868947924829714 | D71: Messaged | AO71: rousseaus_room | AP71: https://www.tiktok.com/@rousseaus_room/video/7475337556016499973?is_from_webapp=1&sender_device=pc&web_id=7529868947924829714 | AR71: Consented | BD71: locarr_ | BE71: https://www.tiktok.com/@locarr_/video/7496574470967020843?is_from_webapp=1&sender_device=pc&web_id=7529868947924829714 | BF71: contactlocarr@gmail.com | BG71: Messaged | BI71: shiv_sewlal | BJ71: https://www.tiktok.com/@shiv_sewlal/video/7286844552701316357?is_from_webapp=1&sender_device=pc&web_id=7529868947924829714 | BK71: shivsewlal@gmail.com | BL71: Consented
A72: saffronbarker | B72: https://www.tiktok.com/@saffronbarker/video/7523883145356184854?is_from_webapp=1&sender_device=pc&web_id=7529868947924829714 | D72: Messaged | AO72: metal_threads_and | AP72: https://www.tiktok.com/@metal_threads_and/video/7467330125550472494?is_from_webapp=1&sender_device=pc&web_id=7529868947924829714 | AR72: Messaged | BD72: koreanbbq30 | BE72: https://www.tiktok.com/@koreanbbq30/video/7520293158631099703?is_from_webapp=1&sender_device=pc&web_id=7529868947924829714 | BF72: mishacsocial@gmail.com | BG72: Messaged | BI72: katclark | BJ72: https://www.tiktok.com/@katclark/video/7123102565587225857?is_from_webapp=1&sender_device=pc&web_id=7529868947924829714 | BL72: Messaged
A73: coldxsoup | B73: https://www.tiktok.com/@coldxsoup/video/7154146696237403438?is_from_webapp=1&sender_device=pc&web_id=7529868947924829714 | D73: Messaged | AO73: i4_slow | AP73: https://www.tiktok.com/@i4_slow/video/7474441969524165918?is_from_webapp=1&sender_device=pc&web_id=7529868947924829714 | AR73: Messaged | BD73: scootonaroundnpr | BE73: https://www.tiktok.com/@scootonaroundnpr/video/7507209125940563246?is_from_webapp=1&sender_device=pc&web_id=7529868947924829714 | BG73: Messaged | BI73: tazandalessia | BJ73: https://www.tiktok.com/@tazandalessia/video/7277090151044631809?is_from_webapp=1&sender_device=pc&web_id=7529868947924829714 | BL73: Messaged
A74: sophiabamff | B74: https://www.tiktok.com/@sophiabamff/video/7528028919891594527?is_from_webapp=1&sender_device=pc&web_id=7529868947924829714 | C74: Sophia@bloketalent.com | D74: Messaged | AO74: mahitunam | AP74: https://www.tiktok.com/@mahitunam/video/7469815987987156242?is_from_webapp=1&sender_device=pc&web_id=7529868947924829714 | AR74: Messaged | BD74: francescacrisafulli | BE74: https://www.tiktok.com/@francescacrisafulli/video/7528194289239739678?is_from_webapp=1&sender_device=pc&web_id=7529868947924829714 | BF74: frankiecrisafulli@icloud.com | BG74: Messaged | BI74: almurph18 | BJ74: https://www.tiktok.com/@almurph18/video/6942793041413459206?is_from_webapp=1&sender_device=pc&web_id=7529868947924829714 | BL74: Messaged
A75: gracemarsalo | B75: https://www.tiktok.com/@gracemarsalo/video/7455427270635752747?is_from_webapp=1&sender_device=pc&web_id=7529868947924829714 | C75: marsalograce@gmail.com | D75: Messaged | AO75: newyorkeronline | AP75: https://www.tiktok.com/@newyorkeronline/video/7489012203673144598?is_from_webapp=1&sender_device=pc&web_id=7529868947924829714 | AR75: Messaged | BD75: ava_29 | BE75: https://www.tiktok.com/@ava_29/video/7549707985526852895?is_from_webapp=1&sender_device=pc&web_id=7529868947924829714 | BG75: Messaged | BI75: makenzieandmalia | BJ75: https://www.tiktok.com/@makenzieandmalia/video/6885012257764429061?is_from_webapp=1&sender_device=pc&web_id=7529868947924829714 | BK75: mia.kettler@thedigitalbrandarchitects.com | BL75: Messaged
A76: cozycornerkai | B76: https://www.tiktok.com/@cozycornerkai/video/7468745106925833514?is_from_webapp=1&sender_device=pc&web_id=7529868947924829714 | C76: kai@hermanaagency.com | D76: Messaged | AO76: victoriassecretitaly | AP76: https://www.tiktok.com/@victoriassecretitaly/video/7492333793731284246?is_from_webapp=1&sender_device=pc&web_id=7529868947924829714 | AR76: Messaged | BD76: svecovasenta | BE76: https://www.tiktok.com/@svecovasenta/video/7485852844633984287?is_from_webapp=1&sender_device=pc&web_id=7529868947924829714 | BG76: Messaged | BI76: maya.and.hunter | BJ76: https://www.tiktok.com/@maya.and.hunter/video/7223523835570785582?is_from_webapp=1&sender_device=pc&web_id=7529868947924829714 | BK76: mayaandhunter@mayaandhunter.com | BL76: Messaged
A77: gabschase | B77: https://www.tiktok.com/@gabschase/video/7517684963303607582?is_from_webapp=1&sender_device=pc&web_id=7529868947924829714 | C77: emma@manns.nyc | D77: Messaged | AO77: pauline_brenner | AP77: https://www.tiktok.com/@pauline_brenner/video/7469862667302276374?is_from_webapp=1&sender_device=pc&web_id=7529868947924829714 | AQ77: pauline@ykonic-talents.com | AR77: Messaged | BD77: maci_miotto | BE77: https://www.tiktok.com/@maci_miotto/video/7538562807973907726?is_from_webapp=1&sender_device=pc&web_id=7529868947924829714 | BG77: Messaged | BI77: .bettlebee | BJ77: https://www.tiktok.com/@.bettlebee/video/6941008301144460550?is_from_webapp=1&sender_device=pc&web_id=7529868947924829714 | BL77: Messaged
A78: babyydabz | B78: https://www.tiktok.com/@babyydabz/video/7473598915229519147?is_from_webapp=1&sender_device=pc&web_id=7529868947924829714 | C78: dabinkimm21@gmail.com | D78: Messaged | AO78: caitzdurling | AP78: https://www.tiktok.com/@caitzdurling/video/7468623059348442400?is_from_webapp=1&sender_device=pc&web_id=7529868947924829714 | AQ78: caitzdurling@komi.group | AR78: Messaged | BD78: user754357870 | BE78: https://www.tiktok.com/@user754357870/video/7471482166283603231?is_from_webapp=1&sender_device=pc&web_id=7529868947924829714 | BF78: maggiebrandner7@gmail.com | BG78: Messaged | BI78: arissaadams | BJ78: https://www.tiktok.com/@arissaadams/video/7185456054807973125?is_from_webapp=1&sender_device=pc&web_id=7529868947924829714 | BL78: Messaged
A79: christian.sangg | B79: https://www.tiktok.com/@christian.sangg/video/7466246083849489672?is_from_webapp=1&sender_device=pc&web_id=7529868947924829714 | C79: v2ethereal@yahoo.com | D79: Messaged | AO79: inna_turadzhyk | AP79: https://www.tiktok.com/@inna_turadzhyk/video/7476778070968372485?is_from_webapp=1&sender_device=pc&web_id=7529868947924829714 | AQ79: inna.pinch.999@gmail.com | AR79: Messaged | BD79: alisonxflores | BE79: https://www.tiktok.com/@alisonxflores/video/7498404701579316511?is_from_webapp=1&sender_device=pc&web_id=7529868947924829714 | BG79: Messaged | BI79: ashlyn_bischoff | BJ79: https://www.tiktok.com/@ashlyn_bischoff/video/7218328249661803822?is_from_webapp=1&sender_device=pc&web_id=7529868947924829714 | BK79: ashlyn.bischoff@teamwass.com | BL79: Messaged
A80: renee.noe | B80: https://www.tiktok.com/@renee.noe/video/7466317558677769503?is_from_webapp=1&sender_device=pc&web_id=7529868947924829714 | C80: adam.hays@wilhelmina.com | D80: Messaged | AO80: katiemcev0y | AP80: https://www.tiktok.com/@katiemcev0y/video/7470967592627326238?is_from_webapp=1&sender_device=pc&web_id=7529868947924829714 | AR80: Messaged | BD80: jackjacksegura | BE80: https://www.tiktok.com/@jackjacksegura/video/7464792922412682542?is_from_webapp=1&sender_device=pc&web_id=7529868947924829714 | BF80: management+Segura@33ave.com | BG80: Messaged | BI80: meghanandjack | BJ80: https://www.tiktok.com/@meghanandjack/video/7295505225656372523?is_from_webapp=1&sender_device=pc&web_id=7529868947924829714 | BK80: meghanandjack@currentsmgmt.com | BL80: Messaged
A81: oliviagraceherring | B81: https://www.tiktok.com/@oliviagraceherring/video/7508839100925971714?is_from_webapp=1&sender_device=pc&web_id=7529868947924829714 | D81: Messaged | AO81: lanolips | AP81: https://www.tiktok.com/@lanolips/video/7477447002754764039?is_from_webapp=1&sender_device=pc&web_id=7529868947924829714 | AR81: Messaged | BD81: clarissaaroman | BE81: https://www.tiktok.com/@clarissaaroman/video/7488241719838772511?is_from_webapp=1&sender_device=pc&web_id=7529868947924829714 | BF81: clarissaromann@gmail.com | BG81: Messaged | BI81: misschloeex | BJ81: https://www.tiktok.com/@misschloeex/video/7139213151911824645?is_from_webapp=1&sender_device=pc&web_id=7529868947924829714 | BL81: Messaged
A82: sarbasile | B82: https://www.tiktok.com/@sarbasile/video/7523009071184661791?is_from_webapp=1&sender_device=pc&web_id=7529868947924829714 | D82: Messaged | AO82: saiebeauty | AP82: https://www.tiktok.com/@saiebeauty/video/7470274619619085614?is_from_webapp=1&sender_device=pc&web_id=7529868947924829714 | AR82: Messaged | BD82: anaruanooo | BE82: https://www.tiktok.com/@anaruanooo/video/7502099334352129311?is_from_webapp=1&sender_device=pc&web_id=7529868947924829714 | BG82: Messaged | BI82: janieceandisaiah | BJ82: https://www.tiktok.com/@janieceandisaiah/video/7294421357868141866?is_from_webapp=1&sender_device=pc&web_id=7529868947924829714 | BK82: Isaiah@jakerosenentertainment.com | BL82: Messaged
A83: laparasian | B83: https://www.tiktok.com/@laparasian/video/7385529175542631687?is_from_webapp=1&sender_device=pc&web_id=7529868947924829714 | C83: laparasian@gmail.com | D83: Messaged | AO83: sephoracanada | AP83: https://www.tiktok.com/@sephoracanada/video/7475467439430503735?is_from_webapp=1&sender_device=pc&web_id=7529868947924829714 | AR83: Messaged | BD83: niiiiiamh10 | BE83: https://www.tiktok.com/@niiiiiamh10/video/7504247915561504022?is_from_webapp=1&sender_device=pc&web_id=7529868947924829714 | BG83: Cannot message | BI83: joeyandelly21 | BJ83: https://www.tiktok.com/@joeyandelly21/video/6928409512739130629?is_from_webapp=1&sender_device=pc&web_id=7529868947924829714 | BL83: Messaged
A84: iamcarla.b | B84: https://www.tiktok.com/@iamcarla.b/video/7468511637406911790?is_from_webapp=1&sender_device=pc&web_id=7529868947924829714 | C84: @carladiazdeleon15@icloud.com | D84: Messaged | AO84: snackje | AP84: https://www.tiktok.com/@snackje/video/7486481820071120150?is_from_webapp=1&sender_device=pc&web_id=7529868947924829714 | AR84: Messaged | BD84: jiatitan | BE84: https://www.tiktok.com/@jiatitan/video/7484219246923271430?is_from_webapp=1&sender_device=pc&web_id=7529868947924829714 | BG84: Messaged | BI84: kaylaturnerx | BJ84: https://www.tiktok.com/@kaylaturnerx/video/7086502068172754181?is_from_webapp=1&sender_device=pc&web_id=7529868947924829714 | BL84: Messaged
A85: thisisclouds | B85: https://www.tiktok.com/@thisisclouds/video/7239703164193082666?is_from_webapp=1&sender_device=pc&web_id=7529868947924829714 | D85: Messaged | AO85: oliviakennar | AP85: https://www.tiktok.com/@oliviakennar/video/7477130119300254978?is_from_webapp=1&sender_device=pc&web_id=7529868947924829714 | AQ85: oliviakennar@outlook.com | AR85: Messaged | BD85: evah3rr | BE85: https://www.tiktok.com/@evah3rr/video/7540781369127996703?is_from_webapp=1&sender_device=pc&web_id=7529868947924829714 | BG85: Messaged | BI85: heyaimeenicole | BJ85: https://www.tiktok.com/@heyaimeenicole/video/7181900318945365291?is_from_webapp=1&sender_device=pc&web_id=7529868947924829714 | BL85: Messaged
A86: emilypaigebooks | B86: https://www.tiktok.com/@emilypaigebooks/video/7547501838468222263?is_from_webapp=1&sender_device=pc&web_id=7529868947924829714 | C86: emilybookslifestyle@gmail.com | D86: Messaged | AO86: lisagozlanjewelry | AP86: https://www.tiktok.com/@lisagozlanjewelry/video/7476219568713944366?is_from_webapp=1&sender_device=pc&web_id=7529868947924829714 | AR86: Messaged | BD86: alexandrarothwell | BE86: https://www.tiktok.com/@alexandrarothwell/video/7515788626031037718?is_from_webapp=1&sender_device=pc&web_id=7529868947924829714 | BF86: alexandra.rothwell@outlook.com | BG86: Messaged | BI86: daniellelindsaym | BJ86: https://www.tiktok.com/@daniellelindsaym/video/7206407851969891590?is_from_webapp=1&sender_device=pc&web_id=7529868947924829714 | BL86: Messaged
A87: duncancarswell | B87: https://www.tiktok.com/@duncancarswell/video/7402085498992217374?is_from_webapp=1&sender_device=pc&web_id=7529868947924829714 | D87: Messaged | AO87: lilsrtl | AP87: https://www.tiktok.com/@lilsrtl/video/7469913839375551766?is_from_webapp=1&sender_device=pc&web_id=7529868947924829714 | AR87: Messaged | BD87: makayla_shank_25 | BE87: https://www.tiktok.com/@makayla_shank_25/video/7513302040077192494?is_from_webapp=1&sender_device=pc&web_id=7529868947924829714 | BG87: Messaged | BI87: mxkeen17 | BJ87: https://www.tiktok.com/@mxkeen17/video/7206724882133044485?is_from_webapp=1&sender_device=pc&web_id=7529868947924829714 | BL87: Messaged
A88: rumag | B88: https://www.tiktok.com/@rumag/video/7184047692006395142?is_from_webapp=1&sender_device=pc&web_id=7529868947924829714 | D88: Messaged | AO88: luchy_wayne | AP88: https://www.tiktok.com/@luchy_wayne/video/7472082238847503621?is_from_webapp=1&sender_device=pc&web_id=7529868947924829714 | AR88: Messaged | BD88: nguenther | BE88: https://www.tiktok.com/@nguenther/video/7474665368158539038?is_from_webapp=1&sender_device=pc&web_id=7529868947924829714 | BG88: Messaged | BI88: bryceandkya | BJ88: https://www.tiktok.com/@bryceandkya/video/7323756119489252650?is_from_webapp=1&sender_device=pc&web_id=7529868947924829714 | BK88: bkwaybusiness@gmail.com | BL88: Messaged
A89: richieruhruh | B89: https://www.tiktok.com/@richieruhruh/video/7377377987743763758?is_from_webapp=1&sender_device=pc&web_id=7529868947924829714 | C89: richieruhh@gmail.com | D89: Messaged | AO89: kentsicecreamco | AP89: https://www.tiktok.com/@kentsicecreamco/video/7475117084159085830?is_from_webapp=1&sender_device=pc&web_id=7529868947924829714 | AR89: Messaged | BD89: hrvargas2 | BE89: https://www.tiktok.com/@hrvargas2/video/7544197038737509663?is_from_webapp=1&sender_device=pc&web_id=7529868947924829714 | BG89: Messaged | BI89: xtnbuenaobra | BJ89: https://www.tiktok.com/@xtnbuenaobra/video/7443379670529101064?is_from_webapp=1&sender_device=pc&web_id=7529868947924829714 | BL89: Messaged
A90: gracecobble | B90: https://www.tiktok.com/@gracecobble/video/7547485881486085406?is_from_webapp=1&sender_device=pc&web_id=7529868947924829714 | C90: cobblegrace@gmail.com | D90: Consented | AO90: brookies.haulss | AP90: https://www.tiktok.com/@brookies.haulss/video/7468781641809284398?is_from_webapp=1&sender_device=pc&web_id=7529868947924829714 | AQ90: brookieshaulss@gmail.com | AR90: Consented | BD90: theoakastonclinton | BE90: https://www.tiktok.com/@theoakastonclinton/video/7526883051595517206?is_from_webapp=1&sender_device=pc&web_id=7529868947924829714 | BG90: Messaged | BI90: bethany.pt.2 | BJ90: https://www.tiktok.com/@bethany.pt.2/video/7313282562326170926?is_from_webapp=1&sender_device=pc&web_id=7529868947924829714 | BL90: Messaged
A91: k8wyatt | B91: https://www.tiktok.com/@k8wyatt/video/7498733003716365614?is_from_webapp=1&sender_device=pc&web_id=7529868947924829714 | C91: katewyattsocial@gmail.com | D91: Messaged | AO91: magnetichillwinery | AP91: https://www.tiktok.com/@magnetichillwinery/video/7500017792729484549?is_from_webapp=1&sender_device=pc&web_id=7529868947924829714 | AR91: Messaged | BD91: emilyyt11 | BE91: https://www.tiktok.com/@emilyyt11/video/7510867191907011871?is_from_webapp=1&sender_device=pc&web_id=7529868947924829714 | BF91: emilyytrujillo17@gmail.com | BG91: Messaged | BI91: lindayuqian | BJ91: https://www.tiktok.com/@lindayuqian/video/7365904108693327110?is_from_webapp=1&sender_device=pc&web_id=7529868947924829714 | BK91: lindayu@famfluence.com | BL91: Messaged
A92: estellelebourgeois_ | B92: https://www.tiktok.com/@estellelebourgeois_/video/7405680774487231786?is_from_webapp=1&sender_device=pc&web_id=7529868947924829714 | C92: teamestelle@hgmedia.us | D92: Messaged | AO92: mae.west | AP92: https://www.tiktok.com/@mae.west/video/7467732916202769670?is_from_webapp=1&sender_device=pc&web_id=7529868947924829714 | AQ92: maewestpr@gmail.com | AR92: Messaged | BD92: sam.mrclle | BE92: https://www.tiktok.com/@sam.mrclle/video/7514404040051150098?is_from_webapp=1&sender_device=pc&web_id=7529868947924829714 | BG92: Messaged | BI92: maya.and.hunter | BJ92: https://www.tiktok.com/@maya.and.hunter/video/7446935924711116074?is_from_webapp=1&sender_device=pc&web_id=7529868947924829714 | BL92: Messaged
A93: lenahassan1 | B93: https://www.tiktok.com/@lenahassan1/video/7535169458814438669?is_from_webapp=1&sender_device=pc&web_id=7529868947924829714 | C93: Lenahassan1616@gmail.com | D93: Messaged | AO93: kaysee786 | AP93: https://www.tiktok.com/@kaysee786/video/7471774843491421462?is_from_webapp=1&sender_device=pc&web_id=7529868947924829714 | AR93: Messaged | BD93: wilsonfarm | BE93: https://www.tiktok.com/@wilsonfarm/video/7486495250052123934?is_from_webapp=1&sender_device=pc&web_id=7529868947924829714 | BG93: Messaged | BI93: keirstenlanae | BJ93: https://www.tiktok.com/@keirstenlanae/video/7436923559332597038?is_from_webapp=1&sender_device=pc&web_id=7529868947924829714 | BK93: Keirsten@1amtalentgroup.com | BL93: Messaged
A94: itsdannimoreno | B94: https://www.tiktok.com/@itsdannimoreno/video/7155912067583610118?is_from_webapp=1&sender_device=pc&web_id=7529868947924829714 | C94: hello@we-are-aria.com | D94: Messaged | AO94: natalieeena | AP94: https://www.tiktok.com/@natalieeena/video/7537200853023804679?is_from_webapp=1&sender_device=pc&web_id=7529868947924829714 | AR94: Messaged | BD94: rrrosette_ | BE94: https://www.tiktok.com/@rrrosette_/video/7529037002340060471?is_from_webapp=1&sender_device=pc&web_id=7529868947924829714 | BG94: Messaged | BI94: let.me.take.a.shelfie | BJ94: https://www.tiktok.com/@let.me.take.a.shelfie/video/7078567798133280002?is_from_webapp=1&sender_device=pc&web_id=7529868947924829714 | BL94: Messaged
A95: tania_dowd | B95: https://www.tiktok.com/@tania_dowd/video/7510572549378428182?is_from_webapp=1&sender_device=pc&web_id=7529868947924829714 | D95: Messaged | AO95: rosekoreanbeauty | AP95: https://www.tiktok.com/@rosekoreanbeauty/video/7470125845341048087?is_from_webapp=1&sender_device=pc&web_id=7529868947924829714 | AR95: Messaged | BD95: lucy.wade_ | BE95: https://www.tiktok.com/@lucy.wade_/video/7483834422509210898?is_from_webapp=1&sender_device=pc&web_id=7529868947924829714 | BG95: Messaged | BI95: alexissroberti | BJ95: https://www.tiktok.com/@alexissroberti/video/7150072149552844078?is_from_webapp=1&sender_device=pc&web_id=7529868947924829714 | BL95: Messaged
A96: taylorladams14 | B96: https://www.tiktok.com/@taylorladams14/video/7538609170958896398?is_from_webapp=1&sender_device=pc&web_id=7529868947924829714 | C96: taylor-adams@fromatoztalent.com | D96: Messaged | AO96: annikaluciaaa | AP96: https://www.tiktok.com/@annikaluciaaa/video/7472072364860181782?is_from_webapp=1&sender_device=pc&web_id=7529868947924829714 | AQ96: collabs.annikalucia@gmail.com | AR96: Messaged | BD96: naomi._blackwell | BE96: https://www.tiktok.com/@naomi._blackwell/video/7501155780700228906?is_from_webapp=1&sender_device=pc&web_id=7529868947924829714 | BG96: Messaged | BI96: teamaqto | BJ96: https://www.tiktok.com/@teamaqto/video/6928491091805179142?is_from_webapp=1&sender_device=pc&web_id=7529868947924829714 | BL96: Messaged
A97: daniellamonet | B97: https://www.tiktok.com/@daniellamonet/video/7402013856194776351?is_from_webapp=1&sender_device=pc&web_id=7529868947924829714 | D97: Messaged | AO97: kiara.3times | AP97: https://www.tiktok.com/@kiara.3times/video/7473943120632188202?is_from_webapp=1&sender_device=pc&web_id=7529868947924829714 | AR97: Messaged | BD97: streamcoffee.co | BE97: https://www.tiktok.com/@streamcoffee.co/video/7502497730611219742?is_from_webapp=1&sender_device=pc&web_id=7529868947924829714 | BG97: Messaged | BI97: aly.mariii | BJ97: https://www.tiktok.com/@aly.mariii/video/7379051333296360747?is_from_webapp=1&sender_device=pc&web_id=7529868947924829714 | BL97: Messaged
A98: elizajanekjar | B98: https://www.tiktok.com/@elizajanekjar/video/7479619719910395182?is_from_webapp=1&sender_device=pc&web_id=7529868947924829714 | D98: Messaged | AO98: stitchedby.soleil | AP98: https://www.tiktok.com/@stitchedby.soleil/video/7477644122694700331?is_from_webapp=1&sender_device=pc&web_id=7529868947924829714 | AQ98: stitchedbysol@gmail.com | AR98: Messaged | BD98: tahjaah | BE98: https://www.tiktok.com/@tahjaah/video/7505541743438220575?is_from_webapp=1&sender_device=pc&web_id=7529868947924829714 | BG98: Messaged | BI98: courtney_marr | BJ98: https://www.tiktok.com/@courtney_marr/video/7293752861274459397?is_from_webapp=1&sender_device=pc&web_id=7529868947924829714 | BL98: Consented, Not Included
A99: milda_new1 | B99: https://www.tiktok.com/@milda_new1/video/7508012720147402006?is_from_webapp=1&sender_device=pc&web_id=7529868947924829714 | D99: Messaged | AO99: atiyana.a | AP99: https://www.tiktok.com/@atiyana.a/video/7532256610312375607?is_from_webapp=1&sender_device=pc&web_id=7529868947924829714 | AR99: Messaged | BD99: topthatdonuts | BE99: https://www.tiktok.com/@topthatdonuts/video/7503216882074324267?is_from_webapp=1&sender_device=pc&web_id=7529868947924829714 | BG99: Messaged | BI99: thattgirllnyaa | BJ99: https://www.tiktok.com/@thattgirllnyaa/video/7287025629210397995?is_from_webapp=1&sender_device=pc&web_id=7529868947924829714 | BK99: Nyahunter14@gmail.com | BL99: Messaged
A100: itsbenreid | B100: https://www.tiktok.com/@itsbenreid/video/7487341950459301162?is_from_webapp=1&sender_device=pc&web_id=7529868947924829714 | C100: ben@masetalentgroup.com | D100: Messaged | AO100: bungeeandm22 | AP100: https://www.tiktok.com/@bungeeandm22/video/7471887604171001095?is_from_webapp=1&sender_device=pc&web_id=7529868947924829714 | AR100: Messaged | BD100: user5269680393455 | BE100: https://www.tiktok.com/@user5269680393455/video/7549638561943932215?is_from_webapp=1&sender_device=pc&web_id=7529868947924829714 | BG100: Messaged | BI100: thesmfamily | BJ100: https://www.tiktok.com/@thesmfamily/video/7282099170683456801?is_from_webapp=1&sender_device=pc&web_id=7529868947924829714 | BK100: millie@thecreatorco.co.uk | BL100: Messaged
...

Sheet Sheet2
A1: # | B1: Creator | C1: Trend # | E1: Unique Creator
A2: 1 | B2: =Sheet1!A3 -> clairelysse | C2: 1 | E2: {=UNIQUE(B2:B1047)} -> clairelysse | F2: =IFERROR(__xludf.DUMMYFUNCTION("TEXTJOIN("", "", TRUE, FILTER(C:C, B:B=E2))"),"1") -> 1
A3: 2 | B3: =Sheet1!A4 -> thehanniediaries | C3: 1 | E3: thehanniediaries | F3: =IFERROR(__xludf.DUMMYFUNCTION("TEXTJOIN("", "", TRUE, FILTER(C:C, B:B=E3))"),"1") -> 1
A4: 3 | B4: =Sheet1!A5 -> k.wamp | C4: 1 | E4: k.wamp | F4: =IFERROR(__xludf.DUMMYFUNCTION("TEXTJOIN("", "", TRUE, FILTER(C:C, B:B=E4))"),"1") -> 1
A5: 4 | B5: =Sheet1!A6 -> momshieodille | C5: 1 | E5: momshieodille | F5: =IFERROR(__xludf.DUMMYFUNCTION("TEXTJOIN("", "", TRUE, FILTER(C:C, B:B=E5))"),"1") -> 1
A6: 5 | B6: =Sheet1!A7 -> gelamac_ | C6: 1 | E6: gelamac_ | F6: =IFERROR(__xludf.DUMMYFUNCTION("TEXTJOIN("", "", TRUE, FILTER(C:C, B:B=E6))"),"1") -> 1
A7: 6 | B7: =Sheet1!A8 -> ateshi___ | C7: 1 | E7: ateshi___ | F7: =IFERROR(__xludf.DUMMYFUNCTION("TEXTJOIN("", "", TRUE, FILTER(C:C, B:B=E7))"),"1") -> 1
A8: 7 | B8: =Sheet1!A9 -> adv.maris | C8: 1 | E8: adv.maris | F8: =IFERROR(__xludf.DUMMYFUNCTION("TEXTJOIN("", "", TRUE, FILTER(C:C, B:B=E8))"),"1") -> 1
A9: 8 | B9: =Sheet1!A10 -> paige.braude | C9: 1 | E9: paige.braude | F9: =IFERROR(__xludf.DUMMYFUNCTION("TEXTJOIN("", "", TRUE, FILTER(C:C, B:B=E9))"),"1") -> 1
A10: 9 | B10: =Sheet1!A11 -> maligoshik | C10: 1 | E10: maligoshik | F10: =IFERROR(__xludf.DUMMYFUNCTION("TEXTJOIN("", "", TRUE, FILTER(C:C, B:B=E10))"),"1") -> 1
A11: 10 | B11: =Sheet1!A12 -> yas.francis | C11: 1 | E11: yas.francis | F11: =IFERROR(__xludf.DUMMYFUNCTION("TEXTJOIN("", "", TRUE, FILTER(C:C, B:B=E11))"),"1") -> 1
A12: 11 | B12: =Sheet1!A13 -> griffith_uni | C12: 1 | E12: griffith_uni | F12: =IFERROR(__xludf.DUMMYFUNCTION("TEXTJOIN("", "", TRUE, FILTER(C:C, B:B=E12))"),"1") -> 1
A13: 12 | B13: =Sheet1!A14 -> joeando | C13: 1 | E13: joeando | F13: =IFERROR(__xludf.DUMMYFUNCTION("TEXTJOIN("", "", TRUE, FILTER(C:C, B:B=E13))"),"1") -> 1
A14: 13 | B14: =Sheet1!A15 -> victoriaxmariah | C14: 1 | E14: victoriaxmariah | F14: =IFERROR(__xludf.DUMMYFUNCTION("TEXTJOIN("", "", TRUE, FILTER(C:C, B:B=E14))"),"1") -> 1
A15: 14 | B15: =Sheet1!A16 -> volkswagensg | C15: 1 | E15: volkswagensg | F15: =IFERROR(__xludf.DUMMYFUNCTION("TEXTJOIN("", "", TRUE, FILTER(C:C, B:B=E15))"),"1") -> 1
A16: 15 | B16: =Sheet1!A17 -> anna.antonje | C16: 1 | E16: anna.antonje | F16: =IFERROR(__xludf.DUMMYFUNCTION("TEXTJOIN("", "", TRUE, FILTER(C:C, B:B=E16))"),"1") -> 1
A17: 16 | B17: =Sheet1!A18 -> ambardriscoll | C17: 1 | E17: ambardriscoll | F17: =IFERROR(__xludf.DUMMYFUNCTION("TEXTJOIN("", "", TRUE, FILTER(C:C, B:B=E17))"),"1") -> 1
A18: 17 | B18: =Sheet1!A19 -> samanthaysabel.co | C18: 1 | E18: samanthaysabel.co | F18: =IFERROR(__xludf.DUMMYFUNCTION("TEXTJOIN("", "", TRUE, FILTER(C:C, B:B=E18))"),"1") -> 1
A19: 18 | B19: =Sheet1!A20 -> love.maceee | C19: 1 | E19: love.maceee | F19: =IFERROR(__xludf.DUMMYFUNCTION("TEXTJOIN("", "", TRUE, FILTER(C:C, B:B=E19))"),"1") -> 1
A20: 19 | B20: =Sheet1!A21 -> lifeaszeph | C20: 1 | E20: lifeaszeph | F20: =IFERROR(__xludf.DUMMYFUNCTION("TEXTJOIN("", "", TRUE, FILTER(C:C, B:B=E20))"),"1") -> 1
A21: 20 | B21: =Sheet1!A23 -> nikki.gott | C21: 1 | E21: nikki.gott | F21: =IFERROR(__xludf.DUMMYFUNCTION("TEXTJOIN("", "", TRUE, FILTER(C:C, B:B=E21))"),"1") -> 1
A22: 21 | B22: =Sheet1!F3 -> troubelleee | C22: 2 | E22: troubelleee | F22: =IFERROR(__xludf.DUMMYFUNCTION("TEXTJOIN("", "", TRUE, FILTER(C:C, B:B=E22))"),"2") -> 2
A23: 22 | B23: =Sheet1!F4 -> f_fabes | C23: 2 | E23: f_fabes | F23: =IFERROR(__xludf.DUMMYFUNCTION("TEXTJOIN("", "", TRUE, FILTER(C:C, B:B=E23))"),"2") -> 2
A24: 23 | B24: =Sheet1!F5 -> mjhaidel | C24: 2 | E24: mjhaidel | F24: =IFERROR(__xludf.DUMMYFUNCTION("TEXTJOIN("", "", TRUE, FILTER(C:C, B:B=E24))"),"2") -> 2
A25: 24 | B25: =Sheet1!F6 -> sukishiyokoo | C25: 2 | E25: sukishiyokoo | F25: =IFERROR(__xludf.DUMMYFUNCTION("TEXTJOIN("", "", TRUE, FILTER(C:C, B:B=E25))"),"2") -> 2
A26: 25 | B26: =Sheet1!F7 -> nvocal123 | C26: 2 | E26: nvocal123 | F26: =IFERROR(__xludf.DUMMYFUNCTION("TEXTJOIN("", "", TRUE, FILTER(C:C, B:B=E26))"),"2") -> 2
A27: 26 | B27: =Sheet1!F8 -> chobaniflippp | C27: 2 | E27: chobaniflippp | F27: =IFERROR(__xludf.DUMMYFUNCTION("TEXTJOIN("", "", TRUE, FILTER(C:C, B:B=E27))"),"2") -> 2
A28: 27 | B28: =Sheet1!F9 -> just_thaing | C28: 2 | E28: just_thaing | F28: =IFERROR(__xludf.DUMMYFUNCTION("TEXTJOIN("", "", TRUE, FILTER(C:C, B:B=E28))"),"2") -> 2
A29: 28 | B29: =Sheet1!F10 -> heytrishadae | C29: 2 | E29: heytrishadae | F29: =IFERROR(__xludf.DUMMYFUNCTION("TEXTJOIN("", "", TRUE, FILTER(C:C, B:B=E29))"),"2") -> 2
A30: 29 | B30: =Sheet1!F11 -> aa.nomnoms | C30: 2 | E30: aa.nomnoms | F30: =IFERROR(__xludf.DUMMYFUNCTION("TEXTJOIN("", "", TRUE, FILTER(C:C, B:B=E30))"),"2") -> 2
A31: 30 | B31: =Sheet1!F12 -> _joemommaaa | C31: 2 | E31: _joemommaaa | F31: =IFERROR(__xludf.DUMMYFUNCTION("TEXTJOIN("", "", TRUE, FILTER(C:C, B:B=E31))"),"2") -> 2
A32: 31 | B32: =Sheet1!F13 -> _zxick | C32: 2 | E32: _zxick | F32: =IFERROR(__xludf.DUMMYFUNCTION("TEXTJOIN("", "", TRUE, FILTER(C:C, B:B=E32))"),"2") -> 2
A33: 32 | B33: =Sheet1!F14 -> teoandsheks | C33: 2 | E33: teoandsheks | F33: =IFERROR(__xludf.DUMMYFUNCTION("TEXTJOIN("", "", TRUE, FILTER(C:C, B:B=E33))"),"2") -> 2
A34: 33 | B34: =Sheet1!F15 -> inigojap | C34: 2 | E34: inigojap | F34: =IFERROR(__xludf.DUMMYFUNCTION("TEXTJOIN("", "", TRUE, FILTER(C:C, B:B=E34))"),"2") -> 2
A35: 34 | B35: =Sheet1!F16 -> gl_jz | C35: 2 | E35: gl_jz | F35: =IFERROR(__xludf.DUMMYFUNCTION("TEXTJOIN("", "", TRUE, FILTER(C:C, B:B=E35))"),"2") -> 2
A36: 35 | B36: =Sheet1!F17 -> thisjenngirl | C36: 2 | E36: thisjenngirl | F36: =IFERROR(__xludf.DUMMYFUNCTION("TEXTJOIN("", "", TRUE, FILTER(C:C, B:B=E36))"),"2") -> 2
A37: 36 | B37: =Sheet1!F18 -> clairealexistiu | C37: 2 | E37: clairealexistiu | F37: =IFERROR(__xludf.DUMMYFUNCTION("TEXTJOIN("", "", TRUE, FILTER(C:C, B:B=E37))"),"2") -> 2
A38: 37 | B38: =Sheet1!F19 -> allisonmrey | C38: 2 | E38: allisonmrey | F38: =IFERROR(__xludf.DUMMYFUNCTION("TEXTJOIN("", "", TRUE, FILTER(C:C, B:B=E38))"),"2") -> 2
A39: 38 | B39: =Sheet1!F20 -> thecabrerafam | C39: 2 | E39: thecabrerafam | F39: =IFERROR(__xludf.DUMMYFUNCTION("TEXTJOIN("", "", TRUE, FILTER(C:C, B:B=E39))"),"2") -> 2
A40: 39 | B40: =Sheet1!F21 -> thekadproject | C40: 2 | E40: thekadproject | F40: =IFERROR(__xludf.DUMMYFUNCTION("TEXTJOIN("", "", TRUE, FILTER(C:C, B:B=E40))"),"2") -> 2
A41: 40 | B41: =Sheet1!F22 -> marcodaos | C41: 2 | E41: marcodaos | F41: =IFERROR(__xludf.DUMMYFUNCTION("TEXTJOIN("", "", TRUE, FILTER(C:C, B:B=E41))"),"2") -> 2
A42: 41 | B42: =Sheet1!K3 -> ravethecrave | C42: 3 | E42: ravethecrave | F42: =IFERROR(__xludf.DUMMYFUNCTION("TEXTJOIN("", "", TRUE, FILTER(C:C, B:B=E42))"),"3") -> 3
A43: 42 | B43: =Sheet1!K4 -> adelinehkim | C43: 3 | E43: adelinehkim | F43: =IFERROR(__xludf.DUMMYFUNCTION("TEXTJOIN("", "", TRUE, FILTER(C:C, B:B=E43))"),"3") -> 3
A44: 43 | B44: =Sheet1!K5 -> sarahh.ongg | C44: 3 | E44: sarahh.ongg | F44: =IFERROR(__xludf.DUMMYFUNCTION("TEXTJOIN("", "", TRUE, FILTER(C:C, B:B=E44))"),"3") -> 3
A45: 44 | B45: =Sheet1!K6 -> dailydoseofjos | C45: 3 | E45: dailydoseofjos | F45: =IFERROR(__xludf.DUMMYFUNCTION("TEXTJOIN("", "", TRUE, FILTER(C:C, B:B=E45))"),"3") -> 3
A46: 45 | B46: =Sheet1!K7 -> sarahmgaeta | C46: 3 | E46: sarahmgaeta | F46: =IFERROR(__xludf.DUMMYFUNCTION("TEXTJOIN("", "", TRUE, FILTER(C:C, B:B=E46))"),"3") -> 3
A47: 46 | B47: =Sheet1!K8 -> caitlinandbecca1 | C47: 3 | E47: caitlinandbecca1 | F47: =IFERROR(__xludf.DUMMYFUNCTION("TEXTJOIN("", "", TRUE, FILTER(C:C, B:B=E47))"),"3") -> 3
A48: 47 | B48: =Sheet1!K9 -> delfinarn | C48: 3 | E48: delfinarn | F48: =IFERROR(__xludf.DUMMYFUNCTION("TEXTJOIN("", "", TRUE, FILTER(C:C, B:B=E48))"),"3") -> 3
A49: 48 | B49: =Sheet1!K10 -> abigailcraig | C49: 3 | E49: abigailcraig | F49: =IFERROR(__xludf.DUMMYFUNCTION("TEXTJOIN("", "", TRUE, FILTER(C:C, B:B=E49))"),"3") -> 3
A50: 49 | B50: =Sheet1!K11 -> laurwholooks4 | C50: 3 | E50: laurwholooks4 | F50: =IFERROR(__xludf.DUMMYFUNCTION("TEXTJOIN("", "", TRUE, FILTER(C:C, B:B=E50))"),"3") -> 3
A51: 50 | B51: =Sheet1!K12 -> mercedes.pomerleau | C51: 3 | E51: mercedes.pomerleau | F51: =IFERROR(__xludf.DUMMYFUNCTION("TEXTJOIN("", "", TRUE, FILTER(C:C, B:B=E51))"),"3") -> 3
A52: 51 | B52: =Sheet1!K13 -> claraspannaus | C52: 3 | E52: claraspannaus | F52: =IFERROR(__xludf.DUMMYFUNCTION("TEXTJOIN("", "", TRUE, FILTER(C:C, B:B=E52))"),"3") -> 3
A53: 52 | B53: =Sheet1!K14 -> fallingfromgrace | C53: 3 | E53: fallingfromgrace | F53: =IFERROR(__xludf.DUMMYFUNCTION("TEXTJOIN("", "", TRUE, FILTER(C:C, B:B=E53))"),"3") -> 3
A54: 53 | B54: =Sheet1!K15 -> aylafr3din | C54: 3 | E54: aylafr3din | F54: =IFERROR(__xludf.DUMMYFUNCTION("TEXTJOIN("", "", TRUE, FILTER(C:C, B:B=E54))"),"3") -> 3
A55: 54 | B55: =Sheet1!K16 -> isabelletrotter | C55: 3 | E55: isabelletrotter | F55: =IFERROR(__xludf.DUMMYFUNCTION("TEXTJOIN("", "", TRUE, FILTER(C:C, B:B=E55))"),"3") -> 3
A56: 55 | B56: =Sheet1!K17 -> sam_vlogzz | C56: 3 | E56: sam_vlogzz | F56: =IFERROR(__xludf.DUMMYFUNCTION("TEXTJOIN("", "", TRUE, FILTER(C:C, B:B=E56))"),"3") -> 3
A57: 56 | B57: =Sheet1!K18 -> meganjspams | C57: 3 | E57: meganjspams | F57: =IFERROR(__xludf.DUMMYFUNCTION("TEXTJOIN("", "", TRUE, FILTER(C:C, B:B=E57))"),"3") -> 3
A58: 57 | B58: =Sheet1!K19 -> zeliha_clark | C58: 3 | E58: zeliha_clark | F58: =IFERROR(__xludf.DUMMYFUNCTION("TEXTJOIN("", "", TRUE, FILTER(C:C, B:B=E58))"),"3") -> 3
A59: 58 | B59: =Sheet1!K20 -> kev_sndvl | C59: 3 | E59: kev_sndvl | F59: =IFERROR(__xludf.DUMMYFUNCTION("TEXTJOIN("", "", TRUE, FILTER(C:C, B:B=E59))"),"3") -> 3
A60: 59 | B60: =Sheet1!K21 -> its_justnatt | C60: 3 | E60: its_justnatt | F60: =IFERROR(__xludf.DUMMYFUNCTION("TEXTJOIN("", "", TRUE, FILTER(C:C, B:B=E60))"),"3") -> 3
A61: 60 | B61: =Sheet1!K22 -> brynnguymon | C61: 3 | E61: brynnguymon | F61: =IFERROR(__xludf.DUMMYFUNCTION("TEXTJOIN("", "", TRUE, FILTER(C:C, B:B=E61))"),"3") -> 3
A62: 61 | B62: =Sheet1!P3 -> adeline.higley | C62: 4 | E62: adeline.higley | F62: =IFERROR(__xludf.DUMMYFUNCTION("TEXTJOIN("", "", TRUE, FILTER(C:C, B:B=E62))"),"4") -> 4
A63: 62 | B63: =Sheet1!P4 -> karenchavezzzz | C63: 4 | E63: karenchavezzzz | F63: =IFERROR(__xludf.DUMMYFUNCTION("TEXTJOIN("", "", TRUE, FILTER(C:C, B:B=E63))"),"4") -> 4
A64: 63 | B64: =Sheet1!P5 -> michelle.gacasan | C64: 4 | E64: michelle.gacasan | F64: =IFERROR(__xludf.DUMMYFUNCTION("TEXTJOIN("", "", TRUE, FILTER(C:C, B:B=E64))"),"4") -> 4
A65: 64 | B65: =Sheet1!P6 -> bobbylightss01 | C65: 4 | E65: bobbylightss01 | F65: =IFERROR(__xludf.DUMMYFUNCTION("TEXTJOIN("", "", TRUE, FILTER(C:C, B:B=E65))"),"4") -> 4
A66: 65 | B66: =Sheet1!P7 -> yonmiin | C66: 4 | E66: yonmiin | F66: =IFERROR(__xludf.DUMMYFUNCTION("TEXTJOIN("", "", TRUE, FILTER(C:C, B:B=E66))"),"4") -> 4
A67: 66 | B67: =Sheet1!P8 -> sha.madiii | C67: 4 | E67: sha.madiii | F67: =IFERROR(__xludf.DUMMYFUNCTION("TEXTJOIN("", "", TRUE, FILTER(C:C, B:B=E67))"),"4") -> 4
A68: 67 | B68: =Sheet1!P9 -> filippogandolfo | C68: 4 | E68: filippogandolfo | F68: =IFERROR(__xludf.DUMMYFUNCTION("TEXTJOIN("", "", TRUE, FILTER(C:C, B:B=E68))"),"4") -> 4
A69: 68 | B69: =Sheet1!P10 -> 1.best.memes | C69: 4 | E69: 1.best.memes | F69: =IFERROR(__xludf.DUMMYFUNCTION("TEXTJOIN("", "", TRUE, FILTER(C:C, B:B=E69))"),"4") -> 4
A70: 69 | B70: =Sheet1!P11 -> kassyymiraa | C70: 4 | E70: kassyymiraa | F70: =IFERROR(__xludf.DUMMYFUNCTION("TEXTJOIN("", "", TRUE, FILTER(C:C, B:B=E70))"),"4") -> 4
A71: 70 | B71: =Sheet1!P12 -> snvoid | C71: 4 | E71: snvoid | F71: =IFERROR(__xludf.DUMMYFUNCTION("TEXTJOIN("", "", TRUE, FILTER(C:C, B:B=E71))"),"4") -> 4
A72: 71 | B72: =Sheet1!P13 -> krist..iana | C72: 4 | E72: krist..iana | F72: =IFERROR(__xludf.DUMMYFUNCTION("TEXTJOIN("", "", TRUE, FILTER(C:C, B:B=E72))"),"4") -> 4
A73: 72 | B73: =Sheet1!P14 -> jamsones_2 | C73: 4 | E73: jamsones_2 | F73: =IFERROR(__xludf.DUMMYFUNCTION("TEXTJOIN("", "", TRUE, FILTER(C:C, B:B=E73))"),"4") -> 4
A74: 73 | B74: =Sheet1!P15 -> itsdiamonddust | C74: 4 | E74: itsdiamonddust | F74: =IFERROR(__xludf.DUMMYFUNCTION("TEXTJOIN("", "", TRUE, FILTER(C:C, B:B=E74))"),"4") -> 4
A75: 74 | B75: =Sheet1!P16 -> ellexismoss | C75: 4 | E75: ellexismoss | F75: =IFERROR(__xludf.DUMMYFUNCTION("TEXTJOIN("", "", TRUE, FILTER(C:C, B:B=E75))"),"4") -> 4
A76: 75 | B76: =Sheet1!P17 -> teachermrsthomas | C76: 4 | E76: teachermrsthomas | F76: =IFERROR(__xludf.DUMMYFUNCTION("TEXTJOIN("", "", TRUE, FILTER(C:C, B:B=E76))"),"4") -> 4
A77: 76 | B77: =Sheet1!P18 -> meganmarie800 | C77: 4 | E77: meganmarie800 | F77: =IFERROR(__xludf.DUMMYFUNCTION("TEXTJOIN("", "", TRUE, FILTER(C:C, B:B=E77))"),"4") -> 4
A78: 77 | B78: =Sheet1!P19 -> nonsensewit.nixx | C78: 4 | E78: nonsensewit.nixx | F78: =IFERROR(__xludf.DUMMYFUNCTION("TEXTJOIN("", "", TRUE, FILTER(C:C, B:B=E78))"),"4") -> 4
A79: 78 | B79: =Sheet1!P20 -> naye.martinezz | C79: 4 | E79: naye.martinezz | F79: =IFERROR(__xludf.DUMMYFUNCTION("TEXTJOIN("", "", TRUE, FILTER(C:C, B:B=E79))"),"4") -> 4
A80: 79 | B80: =Sheet1!P21 -> munchies_78 | C80: 4 | E80: munchies_78 | F80: =IFERROR(__xludf.DUMMYFUNCTION("TEXTJOIN("", "", TRUE, FILTER(C:C, B:B=E80))"),"4") -> 4
A81: 80 | B81: =Sheet1!P22 -> _alyviagrace | C81: 4 | E81: _alyviagrace | F81: =IFERROR(__xludf.DUMMYFUNCTION("TEXTJOIN("", "", TRUE, FILTER(C:C, B:B=E81))"),"4") -> 4
A82: 81 | B82: =Sheet1!U3 -> presello.official | C82: 5 | E82: presello.official | F82: =IFERROR(__xludf.DUMMYFUNCTION("TEXTJOIN("", "", TRUE, FILTER(C:C, B:B=E82))"),"5") -> 5
A83: 82 | B83: =Sheet1!U4 -> decathlonph | C83: 5 | E83: decathlonph | F83: =IFERROR(__xludf.DUMMYFUNCTION("TEXTJOIN("", "", TRUE, FILTER(C:C, B:B=E83))"),"5") -> 5
A84: 83 | B84: =Sheet1!U5 -> lpub.jpa | C84: 5 | E84: lpub.jpa | F84: =IFERROR(__xludf.DUMMYFUNCTION("TEXTJOIN("", "", TRUE, FILTER(C:C, B:B=E84))"),"5") -> 5
A85: 84 | B85: =Sheet1!U6 -> completewedo | C85: 5 | E85: completewedo | F85: =IFERROR(__xludf.DUMMYFUNCTION("TEXTJOIN("", "", TRUE, FILTER(C:C, B:B=E85))"),"5") -> 5
A86: 85 | B86: =Sheet1!U7 -> tjtheaterarts | C86: 5 | E86: tjtheaterarts | F86: =IFERROR(__xludf.DUMMYFUNCTION("TEXTJOIN("", "", TRUE, FILTER(C:C, B:B=E86))"),"5") -> 5
A87: 86 | B87: =Sheet1!U8 -> jgworldwide | C87: 5 | E87: jgworldwide | F87: =IFERROR(__xludf.DUMMYFUNCTION("TEXTJOIN("", "", TRUE, FILTER(C:C, B:B=E87))"),"5") -> 5
A88: 87 | B88: =Sheet1!U9 -> ubckwave | C88: 5 | E88: ubckwave | F88: =IFERROR(__xludf.DUMMYFUNCTION("TEXTJOIN("", "", TRUE, FILTER(C:C, B:B=E88))"),"5") -> 5
A89: 88 | B89: =Sheet1!U10 -> fintech.calgary | C89: 5 | E89: fintech.calgary | F89: =IFERROR(__xludf.DUMMYFUNCTION("TEXTJOIN("", "", TRUE, FILTER(C:C, B:B=E89))"),"5") -> 5
A90: 89 | B90: =Sheet1!U11 -> fitchburgstate | C90: 5 | E90: fitchburgstate | F90: =IFERROR(__xludf.DUMMYFUNCTION("TEXTJOIN("", "", TRUE, FILTER(C:C, B:B=E90))"),"5") -> 5
A91: 90 | B91: =Sheet1!U12 -> purplebugph | C91: 5 | E91: purplebugph | F91: =IFERROR(__xludf.DUMMYFUNCTION("TEXTJOIN("", "", TRUE, FILTER(C:C, B:B=E91))"),"5") -> 5
A92: 91 | B92: =Sheet1!U13 -> cleancorpau | C92: 5 | E92: cleancorpau | F92: =IFERROR(__xludf.DUMMYFUNCTION("TEXTJOIN("", "", TRUE, FILTER(C:C, B:B=E92))"),"5") -> 5
A93: 92 | B93: =Sheet1!U14 -> legacytolifted | C93: 5 | E93: legacytolifted | F93: =IFERROR(__xludf.DUMMYFUNCTION("TEXTJOIN("", "", TRUE, FILTER(C:C, B:B=E93))"),"5") -> 5
A94: 93 | B94: =Sheet1!U15 -> hydrogenfitness | C94: 5 | E94: hydrogenfitness | F94: =IFERROR(__xludf.DUMMYFUNCTION("TEXTJOIN("", "", TRUE, FILTER(C:C, B:B=E94))"),"5") -> 5
A95: 94 | B95: =Sheet1!U16 -> pixiogaming | C95: 5 | E95: pixiogaming | F95: =IFERROR(__xludf.DUMMYFUNCTION("TEXTJOIN("", "", TRUE, FILTER(C:C, B:B=E95))"),"5") -> 5
A96: 95 | B96: =Sheet1!U17 -> soocialhub | C96: 5 | E96: soocialhub | F96: =IFERROR(__xludf.DUMMYFUNCTION("TEXTJOIN("", "", TRUE, FILTER(C:C, B:B=E96))"),"5") -> 5
A97: 96 | B97: =Sheet1!U18 -> parkplacernv | C97: 5 | E97: parkplacernv | F97: =IFERROR(__xludf.DUMMYFUNCTION("TEXTJOIN("", "", TRUE, FILTER(C:C, B:B=E97))"),"5") -> 5
A98: 97 | B98: =Sheet1!U19 -> shaker.auto.group | C98: 5 | E98: shaker.auto.group | F98: =IFERROR(__xludf.DUMMYFUNCTION("TEXTJOIN("", "", TRUE, FILTER(C:C, B:B=E98))"),"5") -> 5
A99: 98 | B99: =Sheet1!U20 -> lightartcreators | C99: 5 | E99: lightartcreators | F99: =IFERROR(__xludf.DUMMYFUNCTION("TEXTJOIN("", "", TRUE, FILTER(C:C, B:B=E99))"),"5") -> 5
A100: 99 | B100: =Sheet1!U21 -> eastern.market.canton | C100: 5 | E100: eastern.market.canton | F100: =IFERROR(__xludf.DUMMYFUNCTION("TEXTJOIN("", "", TRUE, FILTER(C:C, B:B=E100))"),"5") -> 5
...

Sheet Final Trends
B1: #1: YOU REMEMBER YOU HAVE FREE WILL | C1: #2: food challenge pt2 (where to eat) | D1: #3: OH WERE U WAITING FOR THAT BOX TO HIT ME | E1: #4: WHERE?? CHALLENGE | F1: #5: HOW MUCH DO I OWE YOU | G1: #6: how to bait n kidnap me | H1: #7: sorry we're late, __ throwing a fit | I1: #8: Holy fkn airball | J1: #9: Im having sm fun / but we're just doing _ | K1: #10: target challenge
A2: 1 | B2: https://www.tiktok.com/@modagoatt/video/7449499818063334699?is_from_webapp=1&sender_device=pc&web_id=7529868947924829714 | C2: https://vt.tiktok.com/ZSDA55Va1/ | D2: https://vt.tiktok.com/ZSAVskq1w/ | E2: https://vt.tiktok.com/ZSAVQLVHV/ | F2: https://vt.tiktok.com/ZSAVCSdJP/ | G2: https://www.tiktok.com/@skylar_diecast/video/7479268371700223240?is_from_webapp=1&sender_device=pc&web_id=7529868947924829714 | H2: https://www.tiktok.com/@jellyaace._/video/7535085676858068231?is_from_webapp=1&sender_device=pc&web_id=7529868947924829714 | I2: https://vt.tiktok.com/ZSAVnQH3F/ | J2: https://www.tiktok.com/@soltanaslife/video/7549305642226421005?is_from_webapp=1&sender_device=pc&web_id=7529868947924829714 | K2: https://www.tiktok.com/@trinahmaee_/video/6889452204181163265?is_from_webapp=1&sender_device=pc&web_id=7529868947924829714
A3: 2 | B3: https://www.tiktok.com/@wild_milk/video/7466857100853923103?is_from_webapp=1&sender_device=pc&web_id=7529868947924829714 | C3: https://vt.tiktok.com/ZSDA5w11C/ | D3: https://vt.tiktok.com/ZSAVsHpt1/ | E3: https://vt.tiktok.com/ZSAVQjUXw/ | F3: https://vt.tiktok.com/ZSAVCP7GR/ | G3: https://www.tiktok.com/@mynameisadrienne/video/7471042913544195374?is_from_webapp=1&sender_device=pc&web_id=7529868947924829714 | H3: https://www.tiktok.com/@louiemrn/video/7534307314237443335?is_from_webapp=1&sender_device=pc&web_id=7529868947924829714 | I3: https://www.tiktok.com/@elizamasa/video/7512443472167587079?is_from_webapp=1&sender_device=pc&web_id=7529868947924829714 | J3: https://www.tiktok.com/@ericafwu/video/7516619536284552491?is_from_webapp=1&sender_device=pc&web_id=7529868947924829714 | K3: https://www.tiktok.com/@shiv_sewlal/video/7286844552701316357?is_from_webapp=1&sender_device=pc&web_id=7529868947924829714
A4: 3 | B4: https://www.tiktok.com/@simranbagria/video/7540289472752291095?is_from_webapp=1&sender_device=pc&web_id=7529868947924829714 | C4: https://vt.tiktok.com/ZSDAaL3nK/ | D4: https://vt.tiktok.com/ZSAVsHPde/ | E4: https://vt.tiktok.com/ZSAVxTjsV/ | F4: https://vt.tiktok.com/ZSAVCUQgR/ | G4: https://www.tiktok.com/@giagracesmith/video/7469751409668361494?is_from_webapp=1&sender_device=pc&web_id=7529868947924829714 | H4: https://www.tiktok.com/@nacho.bizz/video/7541698829935054088?is_from_webapp=1&sender_device=pc&web_id=7529868947924829714 | I4: https://www.tiktok.com/@sophiaisabel.yt/video/7519102183850151176?is_from_webapp=1&sender_device=pc&web_id=7529868947924829714 | J4: https://www.tiktok.com/@madsodum/video/7515116091648085278?is_from_webapp=1&sender_device=pc&web_id=7529868947924829714 | K4: https://www.tiktok.com/@yoitsmesij/video/7308538339928444166?is_from_webapp=1&sender_device=pc&web_id=7529868947924829714
A5: 4 | B5: https://www.tiktok.com/@ulyanikitaa/video/7510121835124641031?is_from_webapp=1&sender_device=pc&web_id=7529868947924829714 | C5: https://vt.tiktok.com/ZSDAaX7TN/ | D5: https://vt.tiktok.com/ZSAVs4moA/ | E5: https://vt.tiktok.com/ZSAVQLn9k/ | F5: https://vt.tiktok.com/ZSAVV9dhq/ | G5: https://www.tiktok.com/@cosmetify/video/7471320711651691778?is_from_webapp=1&sender_device=pc&web_id=7529868947924829714 | H5: https://www.tiktok.com/@yzhakane/video/7541302079588011272?is_from_webapp=1&sender_device=pc&web_id=7529868947924829714 | I5: https://www.tiktok.com/@gcsuico/video/7510964090185993492?is_from_webapp=1&sender_device=pc&web_id=7529868947924829714 | J5: https://www.tiktok.com/@lylylieee/video/7516116393297775880?is_from_webapp=1&sender_device=pc&web_id=7529868947924829714 | K5: https://www.tiktok.com/@itskrizzap/video/7516788871850429714?is_from_webapp=1&sender_device=pc&web_id=7529868947924829714
A6: 5 | B6: https://www.tiktok.com/@sarliunlimited/video/7547028611975482646?is_from_webapp=1&sender_device=pc&web_id=7529868947924829714 | C6: https://vt.tiktok.com/ZSDAmehYa/ | D6: https://vt.tiktok.com/ZSAqcprMf/ | E6: https://vt.tiktok.com/ZSAojPTb2/ | F6: https://vt.tiktok.com/ZSAVCuuyX/ | G6: https://www.tiktok.com/@mals.inspo/video/7486546269389868319?is_from_webapp=1&sender_device=pc&web_id=7529868947924829714 | H6: https://www.tiktok.com/@microwavablep0pcorn/video/7528764177473719570?is_from_webapp=1&sender_device=pc&web_id=7529868947924829714 | I6: https://www.tiktok.com/@hannahong22/video/7517118935481797906?is_from_webapp=1&sender_device=pc&web_id=7529868947924829714 | J6: https://www.tiktok.com/@un.dia.fuerte/video/7510441723089276206?is_from_webapp=1&sender_device=pc&web_id=7529868947924829714 | K6: https://www.tiktok.com/@joshuablue07/video/7182575057812688154?is_from_webapp=1&sender_device=pc&web_id=7529868947924829714
A7: 6 | B7: https://www.tiktok.com/@love.maceee/video/7516108400787295495?is_from_webapp=1&sender_device=pc&web_id=7529868947924829714 | C7: https://vt.tiktok.com/ZSDAm8akn/ | D7: https://vt.tiktok.com/ZSDRb3Mpo/ | E7: https://vt.tiktok.com/ZSDSs469C/ | F7: https://vt.tiktok.com/ZSAVVaq7R/ | G7: https://www.tiktok.com/@angelicaeilish/video/7504224318021225750?is_from_webapp=1&sender_device=pc&web_id=7529868947924829714 | H7: https://www.tiktok.com/@sophiajiaa/video/7534019039190912263?lang=en | I7: https://www.tiktok.com/@gioasjiyoww/video/7511785253237787912?is_from_webapp=1&sender_device=pc&web_id=7529868947924829714 | J7: https://www.tiktok.com/@alexandeunice/video/7467234532798909703?is_from_webapp=1&sender_device=pc&web_id=7529868947924829714 | K7: https://www.tiktok.com/@liramarcial/video/7218879386164956422?is_from_webapp=1&sender_device=pc&web_id=7529868947924829714
A8: 7 | B8: https://www.tiktok.com/@joohanney/video/7505012201946631442?is_from_webapp=1&sender_device=pc&web_id=7529868947924829714 | C8: https://www.tiktok.com/@f_fabes/video/7465098107282296071?is_from_webapp=1&sender_device=pc | D8: https://vt.tiktok.com/ZSDRgvBTJ/ | E8: https://vt.tiktok.com/ZSDSGF3Pf/ | F8: https://vt.tiktok.com/ZSAvpuS1F/ | G8: https://www.tiktok.com/@rousseaus_room/video/7475337556016499973?is_from_webapp=1&sender_device=pc&web_id=7529868947924829714 | H8: https://www.tiktok.com/@alennamariz/video/7540694502915181842?is_from_webapp=1&sender_device=pc&web_id=7529868947924829714 | I8: https://www.tiktok.com/@nicole.finianos/video/7514645395138563336?is_from_webapp=1&sender_device=pc&web_id=7529868947924829714 | J8: https://www.tiktok.com/@sabrinezarhdani/video/7496983807300504837?is_from_webapp=1&sender_device=pc&web_id=7529868947924829714 | K8: https://www.tiktok.com/@aneesahxr/video/7076516889890966789?is_from_webapp=1&sender_device=pc&web_id=7529868947924829714
A9: 8 | B9: https://www.tiktok.com/@hanim_104/video/7523958234248383762?is_from_webapp=1&sender_device=pc&web_id=7529868947924829714 | C9: https://vt.tiktok.com/ZSDyujFXt/ | D9: https://vt.tiktok.com/ZSDRpR5Ew/ | E9: https://vt.tiktok.com/ZSDyq2oBV/ | F9: https://vt.tiktok.com/ZSAvpcC4K/ | G9: https://www.tiktok.com/@yotheregoeschris_/video/7472776896971918635?is_from_webapp=1&sender_device=pc&web_id=7529868947924829714 | H9: https://www.tiktok.com/@ash_nevxz/video/7543254738045848839?is_from_webapp=1&sender_device=pc&web_id=7529868947924829714 | I9: https://www.tiktok.com/@veronicaridad_/video/7513532073911553288?is_from_webapp=1&sender_device=pc&web_id=7529868947924829714 | J9: https://www.tiktok.com/@andreiiiii3636/video/7519020169025375495?is_from_webapp=1&sender_device=pc&web_id=7529858502199395858 | K9: https://www.tiktok.com/@only.llyss/video/7241565246220012806?is_from_webapp=1&sender_device=pc&web_id=7529868947924829714
A10: 9 | B10: https://www.tiktok.com/@gracecobble/video/7547485881486085406?is_from_webapp=1&sender_device=pc&web_id=7529868947924829714 | C10: https://vt.tiktok.com/ZSDA53WXK/ | D10: https://vt.tiktok.com/ZSDRpAetP/ | E10: sophia | F10: https://vt.tiktok.com/ZSAvpwJx2/ | G10: https://www.tiktok.com/@brookies.haulss/video/7468781641809284398?is_from_webapp=1&sender_device=pc&web_id=7529868947924829714 | H10: https://www.tiktok.com/@virgo..duh/video/7542880258853375240?is_from_webapp=1&sender_device=pc&web_id=7529868947924829714 | I10: https://vt.tiktok.com/ZSAVWNaHL/ | J10: https://www.tiktok.com/@angelicadchvzz/video/7477958483552259336?is_from_webapp=1&sender_device=pc&web_id=7529858502199395858 | K10: https://www.tiktok.com/@asmqty/video/7459059637153713413?is_from_webapp=1&sender_device=pc&web_id=7529868947924829714
A11: 10 | B11: https://www.tiktok.com/@k.wamp/video/7374153120483478827?is_from_webapp=1&sender_device=pc&web_id=7529868947924829714 | C11: https://vt.tiktok.com/ZSDAaRqGM/ | D11: https://www.instagram.com/reel/DHlQiijy-G1/?igsh=bHIzMXU5ODlocXFi | E11: shawn | F11: sophia | G11: https://www.tiktok.com/@_e.v08/video/7470155628086971681?is_from_webapp=1&sender_device=pc&web_id=7529868947924829714 | H11: https://www.tiktok.com/@alychiatoo/video/7543851865365089554?is_from_webapp=1&sender_device=pc&web_id=7529868947924829714 | I11: https://vt.tiktok.com/ZSAVWrcRD/ | J11: https://www.tiktok.com/@migmiggymig/video/7487622680309419286?is_from_webapp=1&sender_device=pc&web_id=7529858502199395858 | K11: https://www.tiktok.com/@simplyivee/video/7119152830182690091?is_from_webapp=1&sender_device=pc&web_id=7529868947924829714
B12: ok | C12: ok | D12: ok | E12: ok | F12: ok | G12: ok | H12: ok | I12: ok | J12: ok | K12: ok
C14: https://www.tiktok.com/@mjhaidel/video/7461954375372606738?_r=1&_t=ZS-8zoFrwyYGZg | D14: https://www.tiktok.com/@presello.official/video/7489696341958954245?_r=1&_t=ZS-8zLAg34bVI5 | E14: https://www.tiktok.com/@thejulysocial/video/7358112217222368518?_r=1&_t=ZS-8zL3jyrIaMk | F14: https://www.tiktok.com/@aaalxandra/video/7542360293356113160?_r=1&_t=ZS-8zL4jkZwpM7 | I14: https://www.tiktok.com/@bagel_yass.collec/video/7539505423544552712?_t=ZS-8zLEGux9w7E&_r=1
C15: https://www.tiktok.com/@nvocal123/video/7465301641684618514?_r=1&_t=ZS-8zoFyvnPCgG | D15: https://www.tiktok.com/@ubckwave/video/7470031622251810103?_r=1&_t=ZS-8zLB6NYo99I | E15: https://www.tiktok.com/@zigzag.careers/video/7380188818974018822?_r=1&_t=ZS-8zL3lYBQn5j | F15: https://www.tiktok.com/@heart_avii/video/7316856457163558149?_r=1&_t=ZS-8zL4ktuqg7j
C16: https://www.tiktok.com/@_zxick/video/7467189731646803208?_r=1&_t=ZS-8zoGcPDj1YD | D16: https://www.tiktok.com/@fintech.calgary/video/7471019949411028279?_r=1&_t=ZS-8zLBAgp1y9E | E16: https://www.tiktok.com/@securitybankcareers/video/7366179516613430536?_r=1&_t=ZS-8zL3m9uNQd6 | F16: https://www.tiktok.com/@cocoriroo/video/7419985255454625042?_r=1&_t=ZS-8zL4lvcO4Zz
C17: https://www.tiktok.com/@clairealexistiu/video/7529376216667720978?_r=1&_t=ZS-8zoGxfmkx3h | D17: https://www.tiktok.com/@cleancorpau/video/7470387738269715719?_r=1&_t=ZS-8zLBJKvaqKl | E17: https://www.tiktok.com/@amo_thobye/video/7349988820592381189?_r=1&_t=ZS-8zL3yZgXXms | F17: https://www.tiktok.com/@_pottea/video/7542057761706675474?_r=1&_t=ZS-8zL7DRHFtsg
C18: https://www.tiktok.com/@kykeyumz/video/7464186444425252103?_r=1&_t=ZS-8zoHYYeKfzB | D18: https://www.tiktok.com/@pixiogaming/video/7475845247797431582?_r=1&_t=ZS-8zM7WcPYvOX | E18: https://www.tiktok.com/@salmaelboukili3/video/7350249556807814406?_r=1&_t=ZS-8zYdads5Jn6 | F18: https://www.tiktok.com/@douknowkent/video/7542146785150651655?_r=1&_t=ZS-8zL4om9UI2k
C19: https://www.tiktok.com/@kriiizhaaa/video/7464784291969436946?_r=1&_t=ZS-8zoHk1SUy5o | D19: https://www.tiktok.com/@sdhumanesociety/video/7465125336716463406?_r=1&_t=ZS-8zd0q0brQX6 | E19: https://www.tiktok.com/@just_katlego16/video/7347420388646849798?_r=1&_t=ZS-8znmCyPtzJX | F19: https://www.tiktok.com/@kikaydinsay_/video/7247518357296024837?_r=1&_t=ZS-8zL79BrDJpQ
C20: https://www.tiktok.com/@jemmymeowy/video/7465214181470457089?_r=1&_t=ZS-8zofS9yvnOR | D20: https://www.tiktok.com/@bchs.hosa/video/7485453977837112622?_r=1&_t=ZS-8zd1UXhUtyH | E20: https://www.tiktok.com/@maki3nzie/video/7399320768691145990?_r=1&_t=ZS-8znmFzhPTZS | F20: https://www.tiktok.com/@nattarts/video/7235266313780759815?_r=1&_t=ZS-8zTTQ1D5ZnL
C21: https://www.tiktok.com/@itspaulramos/video/7464886168388111623?_r=1&_t=ZS-8zqffeQ89Jt | D21: https://www.tiktok.com/@laura.canada/video/7530353428178930951?_r=1&_t=ZS-8zd1ly8TO1S | E21: https://www.tiktok.com/@chloerbrts/video/7374092429625937159?_r=1&_t=ZS-8zqmN8XaHL8 | F21: https://www.tiktok.com/@aqilahwf/video/7298646672320597266?_r=1&_t=ZS-8zTTUUGjbuM
C22: https://www.tiktok.com/@chobaniflippp/video/7533492687010286856?_r=1&_t=ZS-8zoG0o4iFgD | D22: https://www.tiktok.com/@spicevillage/video/7489536311938845983?_r=1&_t=ZS-8zd1uS6tGLN | E22: sophia | F22: https://www.tiktok.com/@yuehaaan/video/7542122123360357650?_r=1&_t=ZS-8zTTZngW0Di | I22: https://www.tiktok.com/@gabriella.sally/video/7513608400496807173?_t=ZS-8zLEMxd4qyv&_r=1
C23: https://www.tiktok.com/@inigojap/video/7469296068874882311?_r=1&_t=ZS-8zoGqEAiVXR | D23: instagram link | E23: shawn | F23: sophia | I23: https://www.tiktok.com/@sophia_hg1/video/7508738317454773522?_r=1&_t=ZS-8zLEVeKdaVx
B27: Video IDs | C27: Video IDs | D27: Video IDs | E27: Video IDs | F27: Video IDs | G27: Video IDs | H27: Video IDs | I27: Video IDs | J27: Video IDs | K27: Video IDs
A28: 1 | B28: =IFERROR(MID(B2, FIND("/video/", B2) + 7, FIND("?", B2) - (FIND("/video/", B2) + 7)), MID(B2, FIND("/video/", B2) + 7, LEN(B2))) -> 7449499818063334699 | C28: =IFERROR(MID(C14, FIND("/video/", C14) + 7, FIND("?", C14) - (FIND("/video/", C14) + 7)), MID(C14, FIND("/video/", C14) + 7, LEN(C14))) -> 7461954375372606738 | D28: =IFERROR(MID(D14, FIND("/video/", D14) + 7, FIND("?", D14) - (FIND("/video/", D14) + 7)), MID(D14, FIND("/video/", D14) + 7, LEN(D14))) -> 7489696341958954245 | E28: =IFERROR(MID(E14, FIND("/video/", E14) + 7, FIND("?", E14) - (FIND("/video/", E14) + 7)), MID(E14, FIND("/video/", E14) + 7, LEN(E14))) -> 7358112217222368518 | F28: =IFERROR(MID(F14, FIND("/video/", F14) + 7, FIND("?", F14) - (FIND("/video/", F14) + 7)), MID(F14, FIND("/video/", F14) + 7, LEN(F14))) -> 7542360293356113160 | G28: =IFERROR(MID(G2, FIND("/video/", G2) + 7, FIND("?", G2) - (FIND("/video/", G2) + 7)), MID(G2, FIND("/video/", G2) + 7, LEN(G2))) -> 7479268371700223240 | H28: =IFERROR(MID(H2, FIND("/video/", H2) + 7, FIND("?", H2) - (FIND("/video/", H2) + 7)), MID(H2, FIND("/video/", H2) + 7, LEN(H2))) -> 7535085676858068231 | I28: =IFERROR(MID(I14, FIND("/video/", I14) + 7, FIND("?", I14) - (FIND("/video/", I14) + 7)), MID(I14, FIND("/video/", I14) + 7, LEN(I14))) -> 7539505423544552712 | J28: =IFERROR(MID(J2, FIND("/video/", J2) + 7, FIND("?", J2) - (FIND("/video/", J2) + 7)), MID(J2, FIND("/video/", J2) + 7, LEN(J2))) -> 7549305642226421005 | K28: =IFERROR(MID(K2, FIND("/video/", K2) + 7, FIND("?", K2) - (FIND("/video/", K2) + 7)), MID(K2, FIND("/video/", K2) + 7, LEN(K2))) -> 6889452204181163265
A29: 2 | B29: =IFERROR(MID(B3, FIND("/video/", B3) + 7, FIND("?", B3) - (FIND("/video/", B3) + 7)), MID(B3, FIND("/video/", B3) + 7, LEN(B3))) -> 7466857100853923103 | C29: =IFERROR(MID(C15, FIND("/video/", C15) + 7, FIND("?", C15) - (FIND("/video/", C15) + 7)), MID(C15, FIND("/video/", C15) + 7, LEN(C15))) -> 7465301641684618514 | D29: =IFERROR(MID(D15, FIND("/video/", D15) + 7, FIND("?", D15) - (FIND("/video/", D15) + 7)), MID(D15, FIND("/video/", D15) + 7, LEN(D15))) -> 7470031622251810103 | E29: =IFERROR(MID(E15, FIND("/video/", E15) + 7, FIND("?", E15) - (FIND("/video/", E15) + 7)), MID(E15, FIND("/video/", E15) + 7, LEN(E15))) -> 7380188818974018822 | F29: =IFERROR(MID(F15, FIND("/video/", F15) + 7, FIND("?", F15) - (FIND("/video/", F15) + 7)), MID(F15, FIND("/video/", F15) + 7, LEN(F15))) -> 7316856457163558149 | G29: =IFERROR(MID(G3, FIND("/video/", G3) + 7, FIND("?", G3) - (FIND("/video/", G3) + 7)), MID(G3, FIND("/video/", G3) + 7, LEN(G3))) -> 7471042913544195374 | H29: =IFERROR(MID(H3, FIND("/video/", H3) + 7, FIND("?", H3) - (FIND("/video/", H3) + 7)), MID(H3, FIND("/video/", H3) + 7, LEN(H3))) -> 7534307314237443335 | I29: =IFERROR(MID(I3, FIND("/video/", I3) + 7, FIND("?", I3) - (FIND("/video/", I3) + 7)), MID(I3, FIND("/video/", I3) + 7, LEN(I3))) -> 7512443472167587079 | J29: =IFERROR(MID(J3, FIND("/video/", J3) + 7, FIND("?", J3) - (FIND("/video/", J3) + 7)), MID(J3, FIND("/video/", J3) + 7, LEN(J3))) -> 7516619536284552491 | K29: =IFERROR(MID(K3, FIND("/video/", K3) + 7, FIND("?", K3) - (FIND("/video/", K3) + 7)), MID(K3, FIND("/video/", K3) + 7, LEN(K3))) -> 7286844552701316357
A30: 3 | B30: =IFERROR(MID(B4, FIND("/video/", B4) + 7, FIND("?", B4) - (FIND("/video/", B4) + 7)), MID(B4, FIND("/video/", B4) + 7, LEN(B4))) -> 7540289472752291095 | C30: =IFERROR(MID(C16, FIND("/video/", C16) + 7, FIND("?", C16) - (FIND("/video/", C16) + 7)), MID(C16, FIND("/video/", C16) + 7, LEN(C16))) -> 7467189731646803208 | D30: =IFERROR(MID(D16, FIND("/video/", D16) + 7, FIND("?", D16) - (FIND("/video/", D16) + 7)), MID(D16, FIND("/video/", D16) + 7, LEN(D16))) -> 7471019949411028279 | E30: =IFERROR(MID(E16, FIND("/video/", E16) + 7, FIND("?", E16) - (FIND("/video/", E16) + 7)), MID(E16, FIND("/video/", E16) + 7, LEN(E16))) -> 7366179516613430536 | F30: =IFERROR(MID(F16, FIND("/video/", F16) + 7, FIND("?", F16) - (FIND("/video/", F16) + 7)), MID(F16, FIND("/video/", F16) + 7, LEN(F16))) -> 7419985255454625042 | G30: =IFERROR(MID(G4, FIND("/video/", G4) + 7, FIND("?", G4) - (FIND("/video/", G4) + 7)), MID(G4, FIND("/video/", G4) + 7, LEN(G4))) -> 7469751409668361494 | H30: =IFERROR(MID(H4, FIND("/video/", H4) + 7, FIND("?", H4) - (FIND("/video/", H4) + 7)), MID(H4, FIND("/video/", H4) + 7, LEN(H4))) -> 7541698829935054088 | I30: =IFERROR(MID(I4, FIND("/video/", I4) + 7, FIND("?", I4) - (FIND("/video/", I4) + 7)), MID(I4, FIND("/video/", I4) + 7, LEN(I4))) -> 7519102183850151176 | J30: =IFERROR(MID(J4, FIND("/video/", J4) + 7, FIND("?", J4) - (FIND("/video/", J4) + 7)), MID(J4, FIND("/video/", J4) + 7, LEN(J4))) -> 7515116091648085278 | K30: =IFERROR(MID(K4, FIND("/video/", K4) + 7, FIND("?", K4) - (FIND("/video/", K4) + 7)), MID(K4, FIND("/video/", K4) + 7, LEN(K4))) -> 7308538339928444166
A31: 4 | B31: =IFERROR(MID(B5, FIND("/video/", B5) + 7, FIND("?", B5) - (FIND("/video/", B5) + 7)), MID(B5, FIND("/video/", B5) + 7, LEN(B5))) -> 7510121835124641031 | C31: =IFERROR(MID(C17, FIND("/video/", C17) + 7, FIND("?", C17) - (FIND("/video/", C17) + 7)), MID(C17, FIND("/video/", C17) + 7, LEN(C17))) -> 7529376216667720978 | D31: =IFERROR(MID(D17, FIND("/video/", D17) + 7, FIND("?", D17) - (FIND("/video/", D17) + 7)), MID(D17, FIND("/video/", D17) + 7, LEN(D17))) -> 7470387738269715719 | E31: =IFERROR(MID(E17, FIND("/video/", E17) + 7, FIND("?", E17) - (FIND("/video/", E17) + 7)), MID(E17, FIND("/video/", E17) + 7, LEN(E17))) -> 7349988820592381189 | F31: =IFERROR(MID(F17, FIND("/video/", F17) + 7, FIND("?", F17) - (FIND("/video/", F17) + 7)), MID(F17, FIND("/video/", F17) + 7, LEN(F17))) -> 7542057761706675474 | G31: =IFERROR(MID(G5, FIND("/video/", G5) + 7, FIND("?", G5) - (FIND("/video/", G5) + 7)), MID(G5, FIND("/video/", G5) + 7, LEN(G5))) -> 7471320711651691778 | H31: =IFERROR(MID(H5, FIND("/video/", H5) + 7, FIND("?", H5) - (FIND("/video/", H5) + 7)), MID(H5, FIND("/video/", H5) + 7, LEN(H5))) -> 7541302079588011272 | I31: =IFERROR(MID(I5, FIND("/video/", I5) + 7, FIND("?", I5) - (FIND("/video/", I5) + 7)), MID(I5, FIND("/video/", I5) + 7, LEN(I5))) -> 7510964090185993492 | J31: =IFERROR(MID(J5, FIND("/video/", J5) + 7, FIND("?", J5) - (FIND("/video/", J5) + 7)), MID(J5, FIND("/video/", J5) + 7, LEN(J5))) -> 7516116393297775880 | K31: =IFERROR(MID(K5, FIND("/video/", K5) + 7, FIND("?", K5) - (FIND("/video/", K5) + 7)), MID(K5, FIND("/video/", K5) + 7, LEN(K5))) -> 7516788871850429714
A32: 5 | B32: =IFERROR(MID(B6, FIND("/video/", B6) + 7, FIND("?", B6) - (FIND("/video/", B6) + 7)), MID(B6, FIND("/video/", B6) + 7, LEN(B6))) -> 7547028611975482646 | C32: =IFERROR(MID(C18, FIND("/video/", C18) + 7, FIND("?", C18) - (FIND("/video/", C18) + 7)), MID(C18, FIND("/video/", C18) + 7, LEN(C18))) -> 7464186444425252103 | D32: =IFERROR(MID(D18, FIND("/video/", D18) + 7, FIND("?", D18) - (FIND("/video/", D18) + 7)), MID(D18, FIND("/video/", D18) + 7, LEN(D18))) -> 7475845247797431582 | E32: =IFERROR(MID(E18, FIND("/video/", E18) + 7, FIND("?", E18) - (FIND("/video/", E18) + 7)), MID(E18, FIND("/video/", E18) + 7, LEN(E18))) -> 7350249556807814406 | F32: =IFERROR(MID(F18, FIND("/video/", F18) + 7, FIND("?", F18) - (FIND("/video/", F18) + 7)), MID(F18, FIND("/video/", F18) + 7, LEN(F18))) -> 7542146785150651655 | G32: =IFERROR(MID(G6, FIND("/video/", G6) + 7, FIND("?", G6) - (FIND("/video/", G6) + 7)), MID(G6, FIND("/video/", G6) + 7, LEN(G6))) -> 7486546269389868319 | H32: =IFERROR(MID(H6, FIND("/video/", H6) + 7, FIND("?", H6) - (FIND("/video/", H6) + 7)), MID(H6, FIND("/video/", H6) + 7, LEN(H6))) -> 7528764177473719570 | I32: =IFERROR(MID(I6, FIND("/video/", I6) + 7, FIND("?", I6) - (FIND("/video/", I6) + 7)), MID(I6, FIND("/video/", I6) + 7, LEN(I6))) -> 7517118935481797906 | J32: =IFERROR(MID(J6, FIND("/video/", J6) + 7, FIND("?", J6) - (FIND("/video/", J6) + 7)), MID(J6, FIND("/video/", J6) + 7, LEN(J6))) -> 7510441723089276206 | K32: =IFERROR(MID(K6, FIND("/video/", K6) + 7, FIND("?", K6) - (FIND("/video/", K6) + 7)), MID(K6, FIND("/video/", K6) + 7, LEN(K6))) -> 7182575057812688154
A33: 6 | B33: =IFERROR(MID(B7, FIND("/video/", B7) + 7, FIND("?", B7) - (FIND("/video/", B7) + 7)), MID(B7, FIND("/video/", B7) + 7, LEN(B7))) -> 7516108400787295495 | C33: =IFERROR(MID(C19, FIND("/video/", C19) + 7, FIND("?", C19) - (FIND("/video/", C19) + 7)), MID(C19, FIND("/video/", C19) + 7, LEN(C19))) -> 7464784291969436946 | D33: =IFERROR(MID(D19, FIND("/video/", D19) + 7, FIND("?", D19) - (FIND("/video/", D19) + 7)), MID(D19, FIND("/video/", D19) + 7, LEN(D19))) -> 7465125336716463406 | E33: =IFERROR(MID(E19, FIND("/video/", E19) + 7, FIND("?", E19) - (FIND("/video/", E19) + 7)), MID(E19, FIND("/video/", E19) + 7, LEN(E19))) -> 7347420388646849798 | F33: =IFERROR(MID(F19, FIND("/video/", F19) + 7, FIND("?", F19) - (FIND("/video/", F19) + 7)), MID(F19, FIND("/video/", F19) + 7, LEN(F19))) -> 7247518357296024837 | G33: =IFERROR(MID(G7, FIND("/video/", G7) + 7, FIND("?", G7) - (FIND("/video/", G7) + 7)), MID(G7, FIND("/video/", G7) + 7, LEN(G7))) -> 7504224318021225750 | H33: =IFERROR(MID(H7, FIND("/video/", H7) + 7, FIND("?", H7) - (FIND("/video/", H7) + 7)), MID(H7, FIND("/video/", H7) + 7, LEN(H7))) -> 7534019039190912263 | I33: =IFERROR(MID(I7, FIND("/video/", I7) + 7, FIND("?", I7) - (FIND("/video/", I7) + 7)), MID(I7, FIND("/video/", I7) + 7, LEN(I7))) -> 7511785253237787912 | J33: =IFERROR(MID(J7, FIND("/video/", J7) + 7, FIND("?", J7) - (FIND("/video/", J7) + 7)), MID(J7, FIND("/video/", J7) + 7, LEN(J7))) -> 7467234532798909703 | K33: =IFERROR(MID(#REF!, FIND("/video/", #REF!) + 7, FIND("?", #REF!) - (FIND("/video/", #REF!) + 7)), MID(#REF!, FIND("/video/", #REF!) + 7, LEN(#REF!))) -> #REF!
A34: 7 | B34: =IFERROR(MID(B8, FIND("/video/", B8) + 7, FIND("?", B8) - (FIND("/video/", B8) + 7)), MID(B8, FIND("/video/", B8) + 7, LEN(B8))) -> 7505012201946631442 | C34: =IFERROR(MID(C20, FIND("/video/", C20) + 7, FIND("?", C20) - (FIND("/video/", C20) + 7)), MID(C20, FIND("/video/", C20) + 7, LEN(C20))) -> 7465214181470457089 | D34: =IFERROR(MID(D20, FIND("/video/", D20) + 7, FIND("?", D20) - (FIND("/video/", D20) + 7)), MID(D20, FIND("/video/", D20) + 7, LEN(D20))) -> 7485453977837112622 | E34: =IFERROR(MID(E20, FIND("/video/", E20) + 7, FIND("?", E20) - (FIND("/video/", E20) + 7)), MID(E20, FIND("/video/", E20) + 7, LEN(E20))) -> 7399320768691145990 | F34: =IFERROR(MID(F20, FIND("/video/", F20) + 7, FIND("?", F20) - (FIND("/video/", F20) + 7)), MID(F20, FIND("/video/", F20) + 7, LEN(F20))) -> 7235266313780759815 | G34: =IFERROR(MID(G8, FIND("/video/", G8) + 7, FIND("?", G8) - (FIND("/video/", G8) + 7)), MID(G8, FIND("/video/", G8) + 7, LEN(G8))) -> 7475337556016499973 | H34: =IFERROR(MID(H8, FIND("/video/", H8) + 7, FIND("?", H8) - (FIND("/video/", H8) + 7)), MID(H8, FIND("/video/", H8) + 7, LEN(H8))) -> 7540694502915181842 | I34: =IFERROR(MID(I8, FIND("/video/", I8) + 7, FIND("?", I8) - (FIND("/video/", I8) + 7)), MID(I8, FIND("/video/", I8) + 7, LEN(I8))) -> 7514645395138563336 | J34: =IFERROR(MID(J8, FIND("/video/", J8) + 7, FIND("?", J8) - (FIND("/video/", J8) + 7)), MID(J8, FIND("/video/", J8) + 7, LEN(J8))) -> 7496983807300504837 | K34: =IFERROR(MID(K7, FIND("/video/", K7) + 7, FIND("?", K7) - (FIND("/video/", K7) + 7)), MID(K7, FIND("/video/", K7) + 7, LEN(K7))) -> 7218879386164956422
A35: 8 | B35: =IFERROR(MID(B9, FIND("/video/", B9) + 7, FIND("?", B9) - (FIND("/video/", B9) + 7)), MID(B9, FIND("/video/", B9) + 7, LEN(B9))) -> 7523958234248383762 | C35: =IFERROR(MID(C21, FIND("/video/", C21) + 7, FIND("?", C21) - (FIND("/video/", C21) + 7)), MID(C21, FIND("/video/", C21) + 7, LEN(C21))) -> 7464886168388111623 | D35: =IFERROR(MID(D21, FIND("/video/", D21) + 7, FIND("?", D21) - (FIND("/video/", D21) + 7)), MID(D21, FIND("/video/", D21) + 7, LEN(D21))) -> 7530353428178930951 | E35: =IFERROR(MID(E21, FIND("/video/", E21) + 7, FIND("?", E21) - (FIND("/video/", E21) + 7)), MID(E21, FIND("/video/", E21) + 7, LEN(E21))) -> 7374092429625937159 | F35: =IFERROR(MID(F21, FIND("/video/", F21) + 7, FIND("?", F21) - (FIND("/video/", F21) + 7)), MID(F21, FIND("/video/", F21) + 7, LEN(F21))) -> 7298646672320597266 | G35: =IFERROR(MID(G9, FIND("/video/", G9) + 7, FIND("?", G9) - (FIND("/video/", G9) + 7)), MID(G9, FIND("/video/", G9) + 7, LEN(G9))) -> 7472776896971918635 | H35: =IFERROR(MID(H9, FIND("/video/", H9) + 7, FIND("?", H9) - (FIND("/video/", H9) + 7)), MID(H9, FIND("/video/", H9) + 7, LEN(H9))) -> 7543254738045848839 | I35: =IFERROR(MID(I9, FIND("/video/", I9) + 7, FIND("?", I9) - (FIND("/video/", I9) + 7)), MID(I9, FIND("/video/", I9) + 7, LEN(I9))) -> 7513532073911553288 | J35: =IFERROR(MID(J9, FIND("/video/", J9) + 7, FIND("?", J9) - (FIND("/video/", J9) + 7)), MID(J9, FIND("/video/", J9) + 7, LEN(J9))) -> 7519020169025375495 | K35: =IFERROR(MID(K8, FIND("/video/", K8) + 7, FIND("?", K8) - (FIND("/video/", K8) + 7)), MID(K8, FIND("/video/", K8) + 7, LEN(K8))) -> 7076516889890966789
A36: 9 | B36: =IFERROR(MID(B10, FIND("/video/", B10) + 7, FIND("?", B10) - (FIND("/video/", B10) + 7)), MID(B10, FIND("/video/", B10) + 7, LEN(B10))) -> 7547485881486085406 | C36: =IFERROR(MID(C22, FIND("/video/", C22) + 7, FIND("?", C22) - (FIND("/video/", C22) + 7)), MID(C22, FIND("/video/", C22) + 7, LEN(C22))) -> 7533492687010286856 | D36: =IFERROR(MID(D22, FIND("/video/", D22) + 7, FIND("?", D22) - (FIND("/video/", D22) + 7)), MID(D22, FIND("/video/", D22) + 7, LEN(D22))) -> 7489536311938845983 | E36: MANUAL | F36: =IFERROR(MID(F22, FIND("/video/", F22) + 7, FIND("?", F22) - (FIND("/video/", F22) + 7)), MID(F22, FIND("/video/", F22) + 7, LEN(F22))) -> 7542122123360357650 | G36: =IFERROR(MID(G10, FIND("/video/", G10) + 7, FIND("?", G10) - (FIND("/video/", G10) + 7)), MID(G10, FIND("/video/", G10) + 7, LEN(G10))) -> 7468781641809284398 | H36: =IFERROR(MID(H10, FIND("/video/", H10) + 7, FIND("?", H10) - (FIND("/video/", H10) + 7)), MID(H10, FIND("/video/", H10) + 7, LEN(H10))) -> 7542880258853375240 | I36: =IFERROR(MID(I22, FIND("/video/", I22) + 7, FIND("?", I22) - (FIND("/video/", I22) + 7)), MID(I22, FIND("/video/", I22) + 7, LEN(I22))) -> 7513608400496807173 | J36: =IFERROR(MID(J10, FIND("/video/", J10) + 7, FIND("?", J10) - (FIND("/video/", J10) + 7)), MID(J10, FIND("/video/", J10) + 7, LEN(J10))) -> 7477958483552259336 | K36: =IFERROR(MID(K9, FIND("/video/", K9) + 7, FIND("?", K9) - (FIND("/video/", K9) + 7)), MID(K9, FIND("/video/", K9) + 7, LEN(K9))) -> 7241565246220012806
A37: 10 | B37: =IFERROR(MID(B11, FIND("/video/", B11) + 7, FIND("?", B11) - (FIND("/video/", B11) + 7)), MID(B11, FIND("/video/", B11) + 7, LEN(B11))) -> 7374153120483478827 | C37: =IFERROR(MID(C23, FIND("/video/", C23) + 7, FIND("?", C23) - (FIND("/video/", C23) + 7)), MID(C23, FIND("/video/", C23) + 7, LEN(C23))) -> 7469296068874882311 | D37: MANUAL | E37: MANUAL | F37: MANUAL | G37: =IFERROR(MID(G11, FIND("/video/", G11) + 7, FIND("?", G11) - (FIND("/video/", G11) + 7)), MID(G11, FIND("/video/", G11) + 7, LEN(G11))) -> 7470155628086971681 | H37: =IFERROR(MID(H11, FIND("/video/", H11) + 7, FIND("?", H11) - (FIND("/video/", H11) + 7)), MID(H11, FIND("/video/", H11) + 7, LEN(H11))) -> 7543851865365089554 | I37: =IFERROR(MID(I23, FIND("/video/", I23) + 7, FIND("?", I23) - (FIND("/video/", I23) + 7)), MID(I23, FIND("/video/", I23) + 7, LEN(I23))) -> 7508738317454773522 | J37: =IFERROR(MID(J11, FIND("/video/", J11) + 7, FIND("?", J11) - (FIND("/video/", J11) + 7)), MID(J11, FIND("/video/", J11) + 7, LEN(J11))) -> 7487622680309419286 | K37: =IFERROR(MID(K10, FIND("/video/", K10) + 7, FIND("?", K10) - (FIND("/video/", K10) + 7)), MID(K10, FIND("/video/", K10) + 7, LEN(K10))) -> 7459059637153713413
B39: For copy+paste | C39: For copy+paste | D39: For copy+paste | E39: For copy+paste | F39: For copy+paste | G39: For copy+paste | H39: For copy+paste | I39: For copy+paste | J39: For copy+paste | K39: For copy+paste
A40: 1 | B40: ="""" & B28 & """," -> "7449499818063334699", | C40: ="""" & C28 & """," -> "7461954375372606738", | D40: ="""" & D28 & """," -> "7489696341958954245", | E40: ="""" & E28 & """," -> "7358112217222368518", | F40: ="""" & F28 & """," -> "7542360293356113160", | G40: ="""" & G28 & """," -> "7479268371700223240", | H40: ="""" & H28 & """," -> "7535085676858068231", | I40: ="""" & I28 & """," -> "7539505423544552712", | ... K40: ="""" & K28 & """," -> "6889452204181163265",
A41: 2 | B41: ="""" & B29 & """," -> "7466857100853923103", | C41: ="""" & C29 & """," -> "7465301641684618514", | D41: ="""" & D29 & """," -> "7470031622251810103", | E41: ="""" & E29 & """," -> "7380188818974018822", | F41: ="""" & F29 & """," -> "7316856457163558149", | G41: ="""" & G29 & """," -> "7471042913544195374", | H41: ="""" & H29 & """," -> "7534307314237443335", | I41: ="""" & I29 & """," -> "7512443472167587079", | ... K41: ="""" & K29 & """," -> "7286844552701316357",
A42: 3 | B42: ="""" & B30 & """," -> "7540289472752291095", | C42: ="""" & C30 & """," -> "7467189731646803208", | D42: ="""" & D30 & """," -> "7471019949411028279", | E42: ="""" & E30 & """," -> "7366179516613430536", | F42: ="""" & F30 & """," -> "7419985255454625042", | G42: ="""" & G30 & """," -> "7469751409668361494", | H42: ="""" & H30 & """," -> "7541698829935054088", | I42: ="""" & I30 & """," -> "7519102183850151176", | ... K42: ="""" & K30 & """," -> "7308538339928444166",
A43: 4 | B43: ="""" & B31 & """," -> "7510121835124641031", | C43: ="""" & C31 & """," -> "7529376216667720978", | D43: ="""" & D31 & """," -> "7470387738269715719", | E43: ="""" & E31 & """," -> "7349988820592381189", | F43: ="""" & F31 & """," -> "7542057761706675474", | G43: ="""" & G31 & """," -> "7471320711651691778", | H43: ="""" & H31 & """," -> "7541302079588011272", | I43: ="""" & I31 & """," -> "7510964090185993492", | ... K43: ="""" & K31 & """," -> "7516788871850429714",
A44: 5 | B44: ="""" & B32 & """," -> "7547028611975482646", | C44: ="""" & C32 & """," -> "7464186444425252103", | D44: ="""" & D32 & """," -> "7475845247797431582", | E44: ="""" & E32 & """," -> "7350249556807814406", | F44: ="""" & F32 & """," -> "7542146785150651655", | G44: ="""" & G32 & """," -> "7486546269389868319", | H44: ="""" & H32 & """," -> "7528764177473719570", | I44: ="""" & I32 & """," -> "7517118935481797906", | ... K44: ="""" & K32 & """," -> "7182575057812688154",
A45: 6 | B45: ="""" & B33 & """," -> "7516108400787295495", | C45: ="""" & C33 & """," -> "7464784291969436946", | D45: ="""" & D33 & """," -> "7465125336716463406", | E45: ="""" & E33 & """," -> "7347420388646849798", | F45: ="""" & F33 & """," -> "7247518357296024837", | G45: ="""" & G33 & """," -> "7504224318021225750", | H45: ="""" & H33 & """," -> "7534019039190912263", | I45: ="""" & I33 & """," -> "7511785253237787912", | ... K45: ="""" & K33 & """," -> #REF!
A46: 7 | B46: ="""" & B34 & """," -> "7505012201946631442", | C46: ="""" & C34 & """," -> "7465214181470457089", | D46: ="""" & D34 & """," -> "7485453977837112622", | E46: ="""" & E34 & """," -> "7399320768691145990", | F46: ="""" & F34 & """," -> "7235266313780759815", | G46: ="""" & G34 & """," -> "7475337556016499973", | H46: ="""" & H34 & """," -> "7540694502915181842", | I46: ="""" & I34 & """," -> "7514645395138563336", | ... K46: ="""" & K34 & """," -> "7218879386164956422",
A47: 8 | B47: ="""" & B35 & """," -> "7523958234248383762", | C47: ="""" & C35 & """," -> "7464886168388111623", | D47: ="""" & D35 & """," -> "7530353428178930951", | E47: ="""" & E35 & """," -> "7374092429625937159", | F47: ="""" & F35 & """," -> "7298646672320597266", | G47: ="""" & G35 & """," -> "7472776896971918635", | H47: ="""" & H35 & """," -> "7543254738045848839", | I47: ="""" & I35 & """," -> "7513532073911553288", | ... K47: ="""" & K35 & """," -> "7076516889890966789",
A48: 9 | B48: ="""" & B36 & """," -> "7547485881486085406", | C48: ="""" & C36 & """," -> "7533492687010286856", | D48: ="""" & D36 & """," -> "7489536311938845983", | E48: MANUAL | F48: ="""" & F36 & """," -> "7542122123360357650", | G48: ="""" & G36 & """," -> "7468781641809284398", | H48: ="""" & H36 & """," -> "7542880258853375240", | I48: ="""" & I36 & """," -> "7513608400496807173", | J48: ="""" & J36 & """," -> "7477958483552259336", | K48: ="""" & K36 & """," -> "7241565246220012806",
A49: 10 | B49: ="""" & B37 & """," -> "7374153120483478827", | C49: ="""" & C37 & """," -> "7469296068874882311", | D49: MANUAL | E49: MANUAL | F49: MANUAL | G49: ="""" & G37 & """," -> "7470155628086971681", | H49: ="""" & H37 & """," -> "7543851865365089554", | I49: ="""" & I37 & """," -> "7508738317454773522", | J49: ="""" & J37 & """," -> "7487622680309419286", | K49: ="""" & K37 & """," -> "7459059637153713413",

Sheet Participants
A1: Day | B1: Block Set | C1: Canva Link | D1: Answered | E1: Labeled | F1: Similarity matrix | G1: shan test | H1: Participant ID
A2: Hanna De Los Santos | B2: A | C2: https://www.canva.com/design/DAGzzlv17NI/VcwBfNpy-Jx9QzVeU9WtHg/edit?utm_content=DAGzzlv17NI&utm_campaign=designshare&utm_medium=link2&utm_source=sharebutton | D2: TRUE | E2: TRUE | F2: TRUE | G2: TRUE | H2: P1
A3: Carlene Presas | B3: A | C3: https://www.canva.com/design/DAGzzgmJc_o/z04oq0eiAAP_O7kTndLKYA/edit?utm_content=DAGzzgmJc_o&utm_campaign=designshare&utm_medium=link2&utm_source=sharebutton | D3: TRUE | E3: TRUE | F3: TRUE | G3: TRUE | H3: P2
A4: Laraine Presas | B4: B | C4: https://www.canva.com/design/DAGzzi75VQI/OMyDrdutJ-Fwa1yG7LfdiA/edit?utm_content=DAGzzi75VQI&utm_campaign=designshare&utm_medium=link2&utm_source=sharebutton | D4: TRUE | E4: TRUE | F4: TRUE | G4: TRUE | H4: P3
A5: Reece Lopez | B5: B | C5: https://www.canva.com/design/DAGzziXj4N8/OczHCr0KJ6mgmErH3HAsxQ/edit?utm_content=DAGzziXj4N8&utm_campaign=designshare&utm_medium=link2&utm_source=sharebutton | D5: TRUE | E5: TRUE | F5: TRUE | G5: TRUE | H5: P4
A6: Christine Joy Rosel | B6: C | C6: https://www.canva.com/design/DAGzzhXZH4w/de6R-SdV9QfjcDF6rzqawQ/edit?utm_content=DAGzzhXZH4w&utm_campaign=designshare&utm_medium=link2&utm_source=sharebutton | D6: TRUE | E6: TRUE | F6: TRUE | G6: TRUE | H6: P5
A7: Rafael Dilla | B7: C | C7: https://www.canva.com/design/DAGzziNj8hA/LJ2ObUq69_DghVlCs_ykJA/edit?utm_content=DAGzziNj8hA&utm_campaign=designshare&utm_medium=link2&utm_source=sharebutton | D7: TRUE | E7: TRUE | F7: TRUE | G7: TRUE | H7: P6
A8: Ysabela Erika Alvarez | B8: D | C8: https://www.canva.com/design/DAGzznSIyF8/iLjcv4gGt8ibybkPbjsZuw/edit?utm_content=DAGzznSIyF8&utm_campaign=designshare&utm_medium=link2&utm_source=sharebutton | D8: TRUE | E8: TRUE | F8: TRUE | G8: TRUE | H8: P7
A9: Lindsey Jorja Tan | B9: D | C9: https://www.canva.com/design/DAGzzlBZhuA/I1Qtsdd1hTycTSvcputOXQ/edit?utm_content=DAGzzlBZhuA&utm_campaign=designshare&utm_medium=link2&utm_source=sharebutton | D9: TRUE | E9: TRUE | F9: TRUE | G9: TRUE | H9: P8
A10: Myka Janelle Go | B10: E | C10: https://www.canva.com/design/DAGzzg5q-yg/yRQTTeIN3JCB_TUwaeUWDA/edit?utm_content=DAGzzg5q-yg&utm_campaign=designshare&utm_medium=link2&utm_source=sharebutton | D10: TRUE | E10: TRUE | F10: TRUE | G10: TRUE | H10: P9
A11: Rachel Gabrielle Castro | B11: E | C11: https://www.canva.com/design/DAGzz69mAgs/LuITqTPFVwMztEiH3pG_lQ/edit?utm_content=DAGzz69mAgs&utm_campaign=designshare&utm_medium=link2&utm_source=sharebutton | D11: TRUE | E11: TRUE | F11: TRUE | G11: TRUE | H11: P10
A12: Miguel Dinulos | B12: F | C12: https://www.canva.com/design/DAGzzqSKWWY/hYSi43FqcgyQt1LqzsU85Q/edit?utm_content=DAGzzqSKWWY&utm_campaign=designshare&utm_medium=link2&utm_source=sharebutton | D12: TRUE | E12: TRUE | F12: TRUE | G12: TRUE | H12: P11
A13: Peter Baesa | B13: F | C13: https://www.canva.com/design/DAGz-b_iJq8/_H1WqtiqsMGjK5Jbcu8ztQ/edit?utm_content=DAGz-b_iJq8&utm_campaign=designshare&utm_medium=link2&utm_source=sharebutton | D13: TRUE | E13: TRUE | F13: TRUE | G13: TRUE | H13: P12
... A41: Nielle Ang | B41: NEW5 | C41: https://www.canva.com/design/DAG25jPeeO0/k0X49sE7ZLKFKafH-XDbaw/edit?utm_content=DAG25jPeeO0&utm_campaign=designshare&utm_medium=link2&utm_source=sharebutton | D41: TRUE | E41: TRUE | F41: TRUE | G41: TRUE | H41: P40

Sheet Block Combinations
A1: Set Name | B1: Combination
A2: Block A | B2: {Set2, Set3, Set5, Set8}
A3: Block B | B3: {Set1, Set2, Set9, Set10}
A4: Block C | B4: {Set2, Set3, Set7, Set10}
A5: Block D | B5: {Set1, Set2, Set6, Set9}
A6: Block E | B6: {Set2, Set5, Set6, Set8}
A7: Block F | B7: {Set2, Set4, Set5, Set7}
A8: Block G | B8: {Set3, Set6, Set8, Set10}
A9: Block H | B9: {Set4, Set7, Set8, Set10}
A10: Block I | B10: {Set1, Set5, Set6, Set10}
A11: Block J | B11: {Set3, Set4, Set7, Set8}
A12: Block K | B12: {Set3, Set4, Set7, Set9}
... A16: Block O | B16: {Set1, Set4, Set5, Set9}
A17: Block NEW1 | B17: {Set1, Set3, Set4, Set6} | C17: all sets shown together at least once | E17: P
A18: Block NEW2 | B18: {Set1, Set5, Set8, Set9} | E18: Q
A19: Block NEW3 | B19: {Set1, Set3, Set5, Set7} | C19: all sets shown together at least twice | E19: R
A20: Block NEW4 | B20: {Set2, Set4, Set6, Set7} | E20: S
A21: Block NEW5 | B21: {Set5, Set8, Set9, Set10} | E21: T

Sheet (test)Denominator matrix
A2: DENOMINATOR MATRIX (block-based)
A3: set | B3: 1 | C3: 2 | D3: 3 | E3: 4 | F3: 5 | G3: 6 | H3: 7 | I3: 8 | J3: 9 | K3: 10 | L3: sum | M3: AFTER EXTRA PARTICIPANTS: update both intersecting cells AND green cells (count of times the set appeared)
A4: 1 | B4: 9 | C4: 2 | D4: 2 | E4: 2 | F4: 5 | G4: 5 | H4: 2 | I4: 2 | J4: 5 | K4: 2 | L4: =SUM(B4:K4) -> 36
A5: 2 | B5: 2 | C5: 7 | D5: 2 | E5: 2 | F5: 3 | G5: 3 | H5: 3 | I5: 2 | J5: 2 | K5: 2 | L5: =SUM(B5:K5) -> 28
A6: 3 | B6: 2 | C6: 2 | D6: 8 | E6: 4 | F6: 2 | G6: 2 | H6: 4 | I6: 3 | J6: 2 | K6: 3 | L6: =SUM(B6:K6) -> 32
A7: 4 | B7: 2 | C7: 2 | D7: 4 | E7: 8 | F7: 2 | G7: 2 | H7: 5 | I7: 2 | J7: 3 | K7: 2 | L7: =SUM(B7:K7) -> 32
A8: 5 | B8: 4 | C8: 3 | D8: 2 | E8: 2 | F8: 9 | G8: 3 | H8: 2 | I8: 5 | J8: 3 | K8: 2 | L8: =SUM(B8:K8) -> 35
A9: 6 | B9: 5 | C9: 3 | D9: 2 | E9: 2 | F9: 3 | G9: 8 | H9: 2 | I9: 3 | J9: 2 | K9: 2 | L9: =SUM(B9:K9) -> 32
A10: 7 | B10: 2 | C10: 3 | D10: 4 | E10: 5 | F10: 2 | G10: 2 | H10: 8 | I10: 2 | J10: 2 | K10: 2 | L10: =SUM(B10:K10) -> 32 | O10: 1357
A11: 8 | B11: 2 | C11: 2 | D11: 3 | E11: 2 | F11: 5 | G11: 3 | H11: 2 | I11: 8 | J11: 2 | K11: 3 | L11: =SUM(B11:K11) -> 32 | O11: 2467
A12: 9 | B12: 5 | C12: 2 | D12: 2 | E12: 3 | F12: 3 | G12: 2 | H12: 2 | I12: 2 | J12: 8 | K12: 3 | L12: =SUM(B12:K12) -> 32 | O12: 58910
A13: 10 | B13: 2 | C13: 2 | D13: 3 | E13: 2 | F13: 2 | G13: 2 | H13: 2 | I13: 3 | J13: 3 | K13: 7 | L13: =SUM(B13:K13) -> 28
A15: DENOMINATOR MATRIX (participant no.)
A16: set | B16: 1 | C16: 2 | D16: 3 | E16: 4 | F16: 5 | G16: 6 | H16: 7 | I16: 8 | J16: 9 | K16: 10 | L16: sum
A17: 1 | B17: =B4*2 -> 18 | C17: =C4*2 -> 4 | D17: =D4*2 -> 4 | E17: =E4*2 -> 4 | F17: =F4*2 -> 10 | G17: =G4*2 -> 10 | H17: =H4*2 -> 4 | I17: =I4*2 -> 4 | ... K17: =K4*2 -> 4 | L17: =SUM(B17:K17) -> 72
A18: 2 | B18: =B5*2 -> 4 | C18: =C5*2 -> 14 | D18: =D5*2 -> 4 | E18: =E5*2 -> 4 | F18: =F5*2 -> 6 | G18: =G5*2 -> 6 | H18: =H5*2 -> 6 | I18: =I5*2 -> 4 | ... K18: =K5*2 -> 4 | L18: =SUM(B18:K18) -> 56
A19: 3 | B19: =B6*2 -> 4 | C19: =C6*2 -> 4 | D19: =D6*2 -> 16 | E19: =E6*2 -> 8 | F19: =F6*2 -> 4 | G19: =G6*2 -> 4 | H19: =H6*2 -> 8 | I19: =I6*2 -> 6 | ... K19: =K6*2 -> 6 | L19: =SUM(B19:K19) -> 64
A20: 4 | B20: =B7*2 -> 4 | C20: =C7*2 -> 4 | D20: =D7*2 -> 8 | E20: =E7*2 -> 16 | F20: =F7*2 -> 4 | G20: =G7*2 -> 4 | H20: =H7*2 -> 10 | I20: =I7*2 -> 4 | ... K20: =K7*2 -> 4 | L20: =SUM(B20:K20) -> 64
A21: 5 | B21: =B8*2 -> 8 | C21: =C8*2 -> 6 | D21: =D8*2 -> 4 | E21: =E8*2 -> 4 | F21: =F8*2 -> 18 | G21: =G8*2 -> 6 | H21: =H8*2 -> 4 | I21: =I8*2 -> 10 | ... K21: =K8*2 -> 4 | L21: =SUM(B21:K21) -> 70
A22: 6 | B22: =B9*2 -> 10 | C22: =C9*2 -> 6 | D22: =D9*2 -> 4 | E22: =E9*2 -> 4 | F22: =F9*2 -> 6 | G22: =G9*2 -> 16 | H22: =H9*2 -> 4 | I22: =I9*2 -> 6 | ... K22: =K9*2 -> 4 | L22: =SUM(B22:K22) -> 64
A23: 7 | B23: =B10*2 -> 4 | C23: =C10*2 -> 6 | D23: =D10*2 -> 8 | E23: =E10*2 -> 10 | F23: =F10*2 -> 4 | G23: =G10*2 -> 4 | H23: =H10*2 -> 16 | I23: =I10*2 -> 4 | ... K23: =K10*2 -> 4 | L23: =SUM(B23:K23) -> 64
A24: 8 | B24: =B11*2 -> 4 | C24: =C11*2 -> 4 | D24: =D11*2 -> 6 | E24: =E11*2 -> 4 | F24: =F11*2 -> 10 | G24: =G11*2 -> 6 | H24: =H11*2 -> 4 | I24: =I11*2 -> 16 | ... K24: =K11*2 -> 6 | L24: =SUM(B24:K24) -> 64
A25: 9 | B25: =B12*2 -> 10 | C25: =C12*2 -> 4 | D25: =D12*2 -> 4 | E25: =E12*2 -> 6 | F25: =F12*2 -> 6 | G25: =G12*2 -> 4 | H25: =H12*2 -> 4 | I25: =I12*2 -> 4 | ... K25: =K12*2 -> 6 | L25: =SUM(B25:K25) -> 64
A26: 10 | B26: =B13*2 -> 4 | C26: =C13*2 -> 4 | D26: =D13*2 -> 6 | E26: =E13*2 -> 4 | F26: =F13*2 -> 4 | G26: =G13*2 -> 4 | H26: =H13*2 -> 4 | I26: =I13*2 -> 6 | ... K26: =K13*2 -> 14 | L26: =SUM(B26:K26) -> 56

Sheet Denominator matrix
A2: DENOMINATOR MATRIX (block-based)
A3: set | B3: 1 | C3: 2 | D3: 3 | E3: 4 | F3: 5 | G3: 6 | H3: 7 | I3: 8 | J3: 9 | K3: 10 | L3: sum | M3: AFTER EXTRA PARTICIPANTS: update both intersecting cells AND green cells (count of times the set appeared)
A4: 1 | B4: 9 | C4: 2 | D4: 2 | E4: 2 | F4: 5 | G4: 5 | H4: 2 | I4: 2 | J4: 5 | K4: 2 | L4: =SUM(B4:K4) -> 36
A5: 2 | B5: 2 | C5: 7 | D5: 2 | E5: 2 | F5: 3 | G5: 3 | H5: 3 | I5: 2 | J5: 2 | K5: 2 | L5: =SUM(B5:K5) -> 28
A6: 3 | B6: 2 | C6: 2 | D6: 8 | E6: 4 | F6: 2 | G6: 2 | H6: 4 | I6: 3 | J6: 2 | K6: 3 | L6: =SUM(B6:K6) -> 32
A7: 4 | B7: 2 | C7: 2 | D7: 4 | E7: 8 | F7: 2 | G7: 2 | H7: 5 | I7: 2 | J7: 3 | K7: 2 | L7: =SUM(B7:K7) -> 32 | N7: 1346 | O7: done
A8: 5 | B8: 5 | C8: 3 | D8: 2 | E8: 2 | F8: 9 | G8: 3 | H8: 2 | I8: 5 | J8: 3 | K8: 2 | L8: =SUM(B8:K8) -> 36 | N8: 1589 | O8: done
A9: 6 | B9: 5 | C9: 3 | D9: 2 | E9: 2 | F9: 3 | G9: 8 | H9: 2 | I9: 3 | J9: 2 | K9: 2 | L9: =SUM(B9:K9) -> 32 | N9: 1357 | O9: done
A10: 7 | B10: 2 | C10: 3 | D10: 4 | E10: 5 | F10: 2 | G10: 2 | H10: 8 | I10: 2 | J10: 2 | K10: 2 | L10: =SUM(B10:K10) -> 32 | N10: 2467 | O10: done
A11: 8 | B11: 2 | C11: 2 | D11: 3 | E11: 2 | F11: 5 | G11: 3 | H11: 2 | I11: 8 | J11: 2 | K11: 3 | L11: =SUM(B11:K11) -> 32 | N11: 58910 | O11: done
A12: 9 | B12: 5 | C12: 2 | D12: 2 | E12: 3 | F12: 3 | G12: 2 | H12: 2 | I12: 2 | J12: 8 | K12: 3 | L12: =SUM(B12:K12) -> 32
A13: 10 | B13: 2 | C13: 2 | D13: 3 | E13: 2 | F13: 2 | G13: 2 | H13: 2 | I13: 3 | J13: 3 | K13: 7 | L13: =SUM(B13:K13) -> 28
A15: DENOMINATOR MATRIX (participant no.)
A16: set | B16: 1 | C16: 2 | D16: 3 | E16: 4 | F16: 5 | G16: 6 | H16: 7 | I16: 8 | J16: 9 | K16: 10 | L16: sum
A17: 1 | B17: =B4*2 -> 18 | C17: =C4*2 -> 4 | D17: =D4*2 -> 4 | E17: =E4*2 -> 4 | F17: =F4*2 -> 10 | G17: =G4*2 -> 10 | H17: =H4*2 -> 4 | I17: =I4*2 -> 4 | ... K17: =K4*2 -> 4 | L17: =SUM(B17:K17) -> 72
A18: 2 | B18: =B5*2 -> 4 | C18: =C5*2 -> 14 | D18: =D5*2 -> 4 | E18: =E5*2 -> 4 | F18: =F5*2 -> 6 | G18: =G5*2 -> 6 | H18: =H5*2 -> 6 | I18: =I5*2 -> 4 | ... K18: =K5*2 -> 4 | L18: =SUM(B18:K18) -> 56
A19: 3 | B19: =B6*2 -> 4 | C19: =C6*2 -> 4 | D19: =D6*2 -> 16 | E19: =E6*2 -> 8 | F19: =F6*2 -> 4 | G19: =G6*2 -> 4 | H19: =H6*2 -> 8 | I19: =I6*2 -> 6 | ... K19: =K6*2 -> 6 | L19: =SUM(B19:K19) -> 64
A20: 4 | B20: =B7*2 -> 4 | C20: =C7*2 -> 4 | D20: =D7*2 -> 8 | E20: =E7*2 -> 16 | F20: =F7*2 -> 4 | G20: =G7*2 -> 4 | H20: =H7*2 -> 10 | I20: =I7*2 -> 4 | ... K20: =K7*2 -> 4 | L20: =SUM(B20:K20) -> 64
A21: 5 | B21: =B8*2 -> 10 | C21: =C8*2 -> 6 | D21: =D8*2 -> 4 | E21: =E8*2 -> 4 | F21: =F8*2 -> 18 | G21: =G8*2 -> 6 | H21: =H8*2 -> 4 | I21: =I8*2 -> 10 | ... K21: =K8*2 -> 4 | L21: =SUM(B21:K21) -> 72
A22: 6 | B22: =B9*2 -> 10 | C22: =C9*2 -> 6 | D22: =D9*2 -> 4 | E22: =E9*2 -> 4 | F22: =F9*2 -> 6 | G22: =G9*2 -> 16 | H22: =H9*2 -> 4 | I22: =I9*2 -> 6 | ... K22: =K9*2 -> 4 | L22: =SUM(B22:K22) -> 64
A23: 7 | B23: =B10*2 -> 4 | C23: =C10*2 -> 6 | D23: =D10*2 -> 8 | E23: =E10*2 -> 10 | F23: =F10*2 -> 4 | G23: =G10*2 -> 4 | H23: =H10*2 -> 16 | I23: =I10*2 -> 4 | ... K23: =K10*2 -> 4 | L23: =SUM(B23:K23) -> 64
A24: 8 | B24: =B11*2 -> 4 | C24: =C11*2 -> 4 | D24: =D11*2 -> 6 | E24: =E11*2 -> 4 | F24: =F11*2 -> 10 | G24: =G11*2 -> 6 | H24: =H11*2 -> 4 | I24: =I11*2 -> 16 | ... K24: =K11*2 -> 6 | L24: =SUM(B24:K24) -> 64
A25: 9 | B25: =B12*2 -> 10 | C25: =C12*2 -> 4 | D25: =D12*2 -> 4 | E25: =E12*2 -> 6 | F25: =F12*2 -> 6 | G25: =G12*2 -> 4 | H25: =H12*2 -> 4 | I25: =I12*2 -> 4 | ... K25: =K12*2 -> 6 | L25: =SUM(B25:K25) -> 64
A26: 10 | B26: =B13*2 -> 4 | C26: =C13*2 -> 4 | D26: =D13*2 -> 6 | E26: =E13*2 -> 4 | F26: =F13*2 -> 4 | G26: =G13*2 -> 4 | H26: =H13*2 -> 4 | I26: =I13*2 -> 6 | ... K26: =K13*2 -> 14 | L26: =SUM(B26:K26) -> 56

Sheet Similarity matrix
A1: Video id [video#]-[trend#] | C1: TREND 1 | M1: TREND 2 | W1: TREND 3 | AG1: TREND 4 | AQ1: TREND 5 | BA1: TREND 6 | BK1: TREND 7 | BU1: TREND 8 | CE1: TREND 9 | CO1: TREND 10
C2: 45658 | D2: 45689 | E2: 45717 | F2: 45748 | G2: 45778 | H2: 45809 | I2: 45839 | J2: 45870 | K2: 45901 | L2: 45931 | M2: 45659 | N2: 45690 | O2: 45718 | P2: 45749 | Q2: 45779 | R2: 45810 | S2: 45840 | T2: 45871 | U2: 45902 | V2: 45932 | W2: 45660 | X2: 45691 | Y2: 45719 | Z2: 45750 | AA2: 45780 | AB2: 45811 | AC2: 45841 | AD2: 45872 | AE2: 45903 | AF2: 45933 | AG2: 45661 | AH2: 45692 | AI2: 45720 | AJ2: 45751 | AK2: 45781 | AL2: 45812 | AM2: 45842 | AN2: 45873 | AO2: 45904 | AP2: 45934 | AQ2: 45662 | AR2: 45693 | AS2: 45721 | AT2: 45752 | AU2: 45782 | AV2: 45813 | AW2: 45843 | AX2: 45874 | AY2: 45905 | AZ2: 45935 | BA2: 45663 | BB2: 45694 | BC2: 45722 | BD2: 45753 | BE2: 45783 | BF2: 45814 | BG2: 45844 | BH2: 45875 | BI2: 45906 | BJ2: 45936 | BK2: 45664 | BL2: 45695 | BM2: 45723 | BN2: 45754 | BO2: 45784 | BP2: 45815 | BQ2: 45845 | BR2: 45876 | BS2: 45907 | BT2: 45937 | BU2: 45665 | BV2: 45696 | BW2: 45724 | BX2: 45755 | BY2: 45785 | BZ2: 45816 | CA2: 45846 | CB2: 45877 | CC2: 45908 | CD2: 45938 | CE2: 45666 | CF2: 45697 | CG2: 45725 | CH2: 45756 | CI2: 45786 | CJ2: 45817 | CK2: 45847 | CL2: 45878 | CM2: 45909 | CN2: 45939 | CO2: 45667 | CP2: 45698 | CQ2: 45726 | CR2: 45757 | CS2: 45787 | CT2: 45818 | CU2: 45848 | CV2: 45879 | CW2: 45910 | CX2: 45940
A3: TREND 1 | B3: {=transpose(C2:CX2)} -> 45658 | D3: 4 | E3: 1 | F3: 2 | G3: 8 | H3: 7 | I3: 2 | J3: 3 | K3: 8 | L3: 4 | BA3: 1 | BE3: 1 | BF3: 1 | BJ3: 1
B4: 45689 | C4: 4 | E4: 4 | F4: 4 | G4: 6 | H4: 6 | I4: 5 | J4: 3 | K4: 4 | L4: 4 | AX4: 1 | BV4: 1 | CD4: 1
B5: 45717 | C5: 1 | D5: 4 | F5: 7 | G5: 3 | H5: 2 | I5: 8 | J5: 5 | K5: 2 | L5: 4 | AX5: 1 | BV5: 1 | CD5: 1
B6: 45748 | C6: 2 | D6: 4 | E6: 7 | G6: 4 | H6: 2 | I6: 9 | J6: 4 | K6: 4 | L6: 2 | AX6: 1
B7: 45778 | C7: 8 | D7: 6 | E7: 3 | F7: 4 | H7: 6 | I7: 2 | J7: 8 | K7: 5 | L7: 4 | AX7: 1 | BA7: 1 | BE7: 1 | BF7: 1 | BJ7: 1 | BV7: 1
B8: 45809 | C8: 7 | D8: 6 | E8: 2 | F8: 2 | G8: 6 | I8: 3 | J8: 5 | K8: 3 | L8: 3 | BA8: 1 | BE8: 1 | BF8: 1 | BJ8: 1
B9: 45839 | C9: 2 | D9: 5 | E9: 8 | F9: 9 | G9: 2 | H9: 3 | J9: 4 | K9: 2 | L9: 3 | AG9: 1 | AP9: 1 | BA9: 1 | BB9: 1 | BD9: 1 | BE9: 1 | BG9: 1 | CA9: 1 | CD9: 1
B10: 45870 | C10: 3 | D10: 3 | E10: 5 | F10: 4 | G10: 8 | H10: 5 | I10: 4 | K10: 3 | L10: 6 | AM10: 1 | AW10: 1 | BB10: 1 | BC10: 1 | BE10: 1 | BG10: 1 | BH10: 3 | BJ10: 1
B11: 45901 | C11: 8 | D11: 4 | E11: 2 | F11: 4 | G11: 5 | H11: 3 | I11: 2 | J11: 3 | L11: 5 | BW11: 1 | CC11: 1
B12: 45931 | C12: 4 | D12: 4 | E12: 4 | F12: 2 | G12: 4 | H12: 3 | I12: 3 | J12: 6 | K12: 5 | AM12: 1 | AW12: 1 | BA12: 1 | BE12: 1 | BF12: 1 | BG12: 1 | BH12: 2 | BJ12: 1 | CD12: 1
A13: TREND 2 | B13: 45659 | N13: 4 | O13: 1 | P13: 2 | Q13: 7 | R13: 7 | S13: 3 | T13: 3 | U13: 9 | V13: 3 | W13: 1 | AA13: 1 | AB13: 1 | AF13: 1 | AV13: 1
B14: 45690 | M14: 4 | O14: 4 | P14: 4 | Q14: 6 | R14: 6 | S14: 6 | T14: 4 | U14: 4 | V14: 4 | AU14: 1 | AW14: 2 | BW14: 1 | CF14: 1 | CH14: 1 | CI14: 1 | CK14: 1
B15: 45718 | M15: 1 | N15: 4 | P15: 6 | Q15: 3 | R15: 1 | S15: 7 | T15: 6 | U15: 4 | V15: 5 | AW15: 1 | BW15: 1
B16: 45749 | M16: 2 | N16: 4 | O16: 6 | Q16: 4 | R16: 2 | S16: 9 | T16: 3 | U16: 6 | V16: 3 | AU16: 1 | AW16: 1 | CF16: 1 | CH16: 1 | CI16: 1 | CK16: 1 | CR16: 1 | CU16: 1 | CV16: 1
B17: 45779 | M17: 7 | N17: 6 | O17: 3 | P17: 4 | R17: 5 | S17: 3 | T17: 9 | U17: 5 | V17: 3 | W17: 1 | AA17: 1 | AB17: 1 | AF17: 1 | AU17: 1 | AW17: 1 | CF17: 1 | CH17: 1 | CI17: 1 | CK17: 1
B18: 45810 | M18: 7 | N18: 6 | O18: 1 | P18: 2 | Q18: 5 | S18: 4 | T18: 5 | U18: 3 | V18: 3 | W18: 1 | AA18: 1 | AB18: 1 | AF18: 1 | AV18: 1
B19: 45840 | M19: 3 | N19: 6 | O19: 7 | P19: 9 | Q19: 3 | R19: 4 | T19: 4 | U19: 4 | V19: 4 | AU19: 1 | AV19: 1 | AW19: 2 | BW19: 1 | CF19: 1 | CH19: 2 | CI19: 1 | CK19: 2 | CL19: 1
B20: 45871 | M20: 3 | N20: 4 | O20: 6 | P20: 3 | Q20: 9 | R20: 5 | S20: 4 | U20: 3 | V20: 5 | CH20: 1 | CK20: 1 | CL20: 1
B21: 45902 | M21: 9 | N21: 4 | O21: 3 | P21: 6 | Q21: 5 | R21: 4 | S21: 4 | T21: 3 | V21: 6 | AV21: 1
B22: 45932 | M22: 3 | N22: 4 | O22: 5 | P22: 3 | Q22: 3 | R22: 3 | S22: 4 | T22: 5 | U22: 6 | W22: 1 | AA22: 1 | AB22: 1 | AF22: 1 | AW22: 1 | BW22: 1 | CH22: 1 | CK22: 1 | CL22: 1
A23: TREND 3 | B23: 45660 | M23: 1 | Q23: 1 | R23: 1 | V23: 1 | X23: 4 | Y23: 2 | Z23: 2 | AA23: 8 | AB23: 7 | AC23: 3 | AD23: 3 | AE23: 9 | AF23: 4 | AO23: 1
B24: 45691 | W24: 4 | Y24: 3 | Z24: 4 | AA24: 6 | AB24: 6 | AC24: 6 | AD24: 4 | AE24: 4 | AF24: 4 | AH24: 3 | AI24: 2
B25: 45719 | W25: 1 | X25: 3 | Z25: 6 | AA25: 2 | AB25: 2 | AC25: 7 | AD25: 5 | AE25: 4 | AF25: 6 | AH25: 3 | AI25: 4 | CW25: 1
B26: 45750 | W26: 2 | X26: 4 | Y26: 6 | AA26: 4 | AB26: 2 | AC26: 10 | AD26: 4 | AE26: 6 | AF26: 4 | AH26: 1 | AI26: 1 | CW26: 1
B27: 45780 | M27: 1 | Q27: 1 | R27: 1 | V27: 1 | W27: 8 | X27: 6 | Y27: 2 | Z27: 4 | AB27: 6 | AC27: 3 | AD27: 9 | AE27: 5 | AF27: 4 | AH27: 1
B28: 45811 | M28: 1 | Q28: 1 | R28: 1 | V28: 1 | W28: 7 | X28: 6 | Y28: 2 | Z28: 2 | AA28: 6 | AC28: 4 | AD28: 6 | AE28: 4 | AF28: 4 | AO28: 1
B29: 45841 | W29: 2 | X29: 6 | Y29: 7 | Z29: 10 | AA29: 3 | AB29: 3 | AD29: 4 | AE29: 4 | AF29: 4 | AH29: 3 | AI29: 3 | AO29: 1 | CW29: 1
B30: 45872 | W30: 3 | X30: 4 | Y30: 5 | Z30: 4 | AA30: 9 | AB30: 6 | AC30: 4 | AE30: 3 | AF30: 6
B31: 45903 | W31: 8 | X31: 4 | Y31: 3 | Z31: 6 | AA31: 5 | AB31: 3 | AC31: 4 | AD31: 3 | AF31: 6 | AI31: 1 | AO31: 1 | CW31: 1
B32: 45933 | M32: 1 | Q32: 1 | R32: 1 | V32: 1 | W32: 4 | X32: 4 | Y32: 2 | Z32: 4 | AA32: 4 | AB32: 4 | AC32: 4 | AD32: 6 | AE32: 6 | AH32: 2 | AI32: 2
A33: TREND 4 | B33: 45661 | I33: 1 | AH33: 4 | AI33: 1 | AJ33: 2 | AK33: 8 | AL33: 7 | AM33: 2 | AN33: 3 | AO33: 8 | AP33: 4 | BA33: 1
B34: 45692 | X34: 3 | Y34: 3 | Z34: 1 | AA34: 1 | AC34: 3 | AF34: 2 | AG34: 4 | AI34: 4 | AJ34: 4 | AK34: 4 | AL34: 6 | AM34: 4 | AN34: 3 | AO34: 4 | AP34: 2
B35: 45720 | X35: 2 | Y35: 4 | Z35: 1 | AC35: 3 | AE35: 1 | AF35: 2 | AG35: 1 | AH35: 4 | AJ35: 4 | AK35: 2 | AL35: 2 | AM35: 3 | AN35: 5 | AO35: 3 | AP35: 4 | CW35: 1
B36: 45751 | AG36: 2 | AH36: 4 | AI36: 4 | AK36: 4 | AL36: 3 | AM36: 10 | AN36: 4 | AO36: 4 | AP36: 3 | AZ36: 1 | CX36: 1
B37: 45781 | AG37: 8 | AH37: 4 | AI37: 2 | AJ37: 4 | AL37: 6 | AM37: 3 | AN37: 9 | AO37: 5 | AP37: 4
B38: 45812 | AG38: 7 | AH38: 6 | AI38: 2 | AJ38: 3 | AK38: 6 | AM38: 4 | AN38: 6 | AO38: 3 | AP38: 4 | BI38: 1
B39: 45842 | J39: 1 | L39: 1 | AG39: 2 | AH39: 4 | AI39: 3 | AJ39: 10 | AK39: 3 | AL39: 4 | AN39: 3 | AO39: 1 | AP39: 2 | AW39: 1 | BB39: 1 | BG39: 1 | BH39: 1 | BI39: 1 | BJ39: 1
B40: 45873 | AG40: 3 | AH40: 3 | AI40: 5 | AJ40: 4 | AK40: 9 | AL40: 6 | AM40: 3 | AO40: 3 | AP40: 5 | AZ40: 1 | CX40: 1
B41: 45904 | AC41: 1 | AE41: 1 | AG41: 8 | AH41: 4 | AI41: 4 | AJ41: 3 | AK41: 5 | AL41: 3 | AM41: 1 | AN41: 3 | AP41: 6
B42: 45934 | I42: 1 | AG42: 4 | AH42: 2 | AI42: 4 | AJ42: 2 | AK42: 4 | AL42: 4 | AM42: 2 | AN42: 5 | AO42: 6 | AR42: 1 | AS42: 1 | BD42: 1
A43: TREND 5 | B43: 45662 | AR43: 4 | AS43: 1 | AT43: 2 | AU43: 8 | AV43: 7 | AW43: 3 | AX43: 3 | AY43: 9 | AZ43: 4 | CE43: 1
B44: 45693 | AP44: 1 | AQ44: 4 | AS44: 4 | AT44: 4 | AU44: 5 | AV44: 6 | AW44: 3 | AX44: 3 | AY44: 4 | AZ44: 2 | BD44: 1 | CF44: 1 | CK44: 1 | CN44: 1 | CU44: 1
B45: 45721 | AP45: 1 | AQ45: 1 | AR45: 4 | AT45: 6 | AU45: 3 | AV45: 2 | AW45: 5 | AX45: 5 | AY45: 4 | AZ45: 4 | CF45: 1 | CK45: 1 | CN45: 2 | CU45: 1
B46: 45752 | AQ46: 2 | AR46: 4 | AS46: 6 | AU46: 3 | AV46: 2 | AW46: 7 | AX46: 3 | AY46: 6 | AZ46: 3 | BD46: 1 | CR46: 1 | CU46: 1 | CX46: 1
B47: 45782 | N47: 1 | P47: 1 | Q47: 1 | S47: 1 | AQ47: 8 | AR47: 5 | AS47: 3 | AT47: 3 | AV47: 6 | AW47: 3 | AX47: 8 | AY47: 5 | AZ47: 4 | CE47: 1
B48: 45813 | M48: 1 | R48: 1 | S48: 1 | U48: 1 | AQ48: 7 | AR48: 6 | AS48: 2 | AT48: 2 | AU48: 6 | AW48: 3 | AX48: 6 | AY48: 3 | AZ48: 4 | CE48: 1 | CN48: 1
B49: 45843 | J49: 1 | L49: 1 | N49: 2 | O49: 1 | P49: 1 | Q49: 1 | S49: 2 | V49: 1 | AM49: 1 | AQ49: 3 | AR49: 3 | AS49: 5 | AT49: 8 | AU49: 3 | AV49: 3 | AX49: 3 | AY49: 4 | AZ49: 2 | BG49: 1 | BH49: 1 | BJ49: 1 | CG49: 1 | CP49: 1 | CQ49: 1 | CX49: 1
B50: 45874 | D50: 1 | E50: 1 | F50: 1 | G50: 1 | AQ50: 3 | AR50: 3 | AS50: 5 | AT50: 3 | AU50: 8 | AV50: 6 | AW50: 3 | AY50: 3 | AZ50: 5 | BV50: 1 | CN50: 1
B51: 45905 | AQ51: 9 | AR51: 4 | AS51: 4 | AT51: 6 | AU51: 5 | AV51: 3 | AW51: 4 | AX51: 3 | AZ51: 6
B52: 45935 | AJ52: 1 | AN52: 1 | AQ52: 4 | AR52: 2 | AS52: 4 | AT52: 3 | AU52: 4 | AV52: 4 | AW52: 2 | AX52: 5 | AY52: 6 | CE52: 1 | CF52: 1 | CG52: 2 | CK52: 1 | CN52: 2 | CP52: 1 | CQ52: 1 | CX52: 2
A53: TREND 6 | B53: 45663 | C53: 1 | G53: 1 | H53: 1 | I53: 1 | L53: 1 | AG53: 1 | BB53: 4 | BC53: 1 | BD53: 2 | BE53: 6 | BF53: 6 | BG53: 2 | BH53: 3 | BI53: 8 | BJ53: 3
B54: 45694 | I54: 1 | J54: 1 | AM54: 1 | BA54: 4 | BC54: 3 | BD54: 2 | BE54: 5 | BF54: 5 | BG54: 3 | BH54: 4 | BI54: 4 | BJ54: 3
B55: 45722 | J55: 1 | BA55: 1 | BB55: 3 | BD55: 6 | BE55: 3 | BF55: 2 | BG55: 6 | BH55: 5 | BI55: 3 | BJ55: 5 | BL55: 1 | BM55: 1 | BQ55: 1 | BT55: 1
B56: 45753 | I56: 1 | AP56: 1 | AR56: 1 | AT56: 1 | BA56: 2 | BB56: 2 | BC56: 5 | BE56: 3 | BF56: 1 | BG56: 7 | BH56: 3 | BI56: 5 | BJ56: 2
B57: 45783 | C57: 1 | G57: 1 | H57: 1 | I57: 1 | J57: 1 | L57: 1 | BA57: 7 | BB57: 5 | BC57: 3 | BD57: 3 | BF57: 5 | BG57: 2 | BH57: 9 | BI57: 5 | BJ57: 3
B58: 45814 | C58: 1 | G58: 1 | H58: 1 | L58: 1 | BA58: 6 | BB58: 5 | BC58: 2 | BD58: 1 | BE58: 5 | BG58: 2 | BH58: 5 | BI58: 3 | BJ58: 3
B59: 45844 | I59: 2 | J59: 2 | L59: 1 | AG59: 1 | AM59: 1 | AW59: 1 | BA59: 3 | BB59: 3 | BC59: 6 | BD59: 7 | BE59: 2 | BF59: 2 | BH59: 4 | BI59: 3 | BJ59: 3
B60: 45875 | J60: 3 | L60: 2 | AM60: 1 | AW60: 1 | BA60: 3 | BB60: 4 | BC60: 5 | BD60: 3 | BE60: 8 | BF60: 5 | BG60: 4 | BI60: 3 | BJ60: 5
B61: 45906 | AL61: 1 | AM61: 1 | BA61: 8 | BB61: 4 | BC61: 4 | BD61: 5 | BE61: 5 | BF61: 3 | BG61: 3 | BH61: 3 | BJ61: 5
B62: 45936 | C62: 1 | G62: 1 | H62: 1 | J62: 1 | L62: 2 | AM62: 1 | AW62: 1 | BA62: 3 | BB62: 3 | BC62: 6 | BD62: 2 | BE62: 3 | BF62: 3 | BG62: 3 | BH62: 5 | BI62: 5 | BL62: 1 | BM62: 1 | BQ62: 1 | BT62: 1
A63: TREND 7 | B63: 45664 | BL63: 4 | BM63: 1 | BN63: 2 | BO63: 8 | BP63: 8 | BQ63: 3 | BR63: 3 | BS63: 9 | BT63: 4 | BU63: 1
B64: 45695 | BC64: 1 | BJ64: 1 | BK64: 4 | BM64: 4 | BN64: 4 | BO64: 6 | BP64: 6 | BQ64: 6 | BR64: 4 | BS64: 4 | BT64: 4
B65: 45723 | BC65: 1 | BJ65: 1 | BK65: 1 | BL65: 4 | BN65: 6 | BO65: 3 | BP65: 2 | BQ65: 7 | BR65: 6 | BS65: 4 | BT65: 6
B66: 45754 | BK66: 2 | BL66: 4 | BM66: 6 | BO66: 4 | BP66: 2 | BQ66: 10 | BR66: 4 | BS66: 6 | BT66: 4 | CD66: 1
B67: 45784 | BK67: 8 | BL67: 6 | BM67: 3 | BN67: 4 | BP67: 6 | BQ67: 3 | BR67: 9 | BS67: 5 | BT67: 4
B68: 45815 | BK68: 8 | BL68: 6 | BM68: 2 | BN68: 2 | BO68: 6 | BQ68: 4 | BR68: 6 | BS68: 4 | BT68: 4 | BU68: 1
B69: 45845 | BC69: 1 | BJ69: 1 | BK69: 3 | BL69: 6 | BM69: 7 | BN69: 10 | BO69: 3 | BP69: 4 | BR69: 4 | BS69: 4 | BT69: 4 | BU69: 1 | CD69: 1
B70: 45876 | BK70: 3 | BL70: 4 | BM70: 6 | BN70: 4 | BO70: 9 | BP70: 6 | BQ70: 4 | BS70: 3 | BT70: 6 | CD70: 1
B71: 45907 | BK71: 9 | BL71: 4 | BM71: 4 | BN71: 6 | BO71: 5 | BP71: 4 | BQ71: 4 | BR71: 3 | BT71: 6 | BU71: 1
B72: 45937 | BC72: 1 | BJ72: 1 | BK72: 4 | BL72: 4 | BM72: 6 | BN72: 4 | BO72: 4 | BP72: 4 | BQ72: 4 | BR72: 6 | BS72: 6 | CD72: 1
A73: TREND 8 | B73: 45665 | BK73: 1 | BP73: 1 | BQ73: 1 | BS73: 1 | BV73: 4 | BW73: 1 | BX73: 2 | BY73: 8 | BZ73: 7 | CA73: 2 | CB73: 3 | CC73: 8 | CD73: 4
B74: 45696 | D74: 1 | E74: 1 | G74: 1 | AX74: 1 | BU74: 4 | BW74: 2 | BX74: 4 | BY74: 5 | BZ74: 6 | CA74: 6 | CB74: 3 | CC74: 4 | CD74: 3
B75: 45724 | K75: 1 | N75: 1 | O75: 1 | S75: 1 | V75: 1 | BU75: 1 | BV75: 2 | BX75: 5 | BY75: 3 | BZ75: 2 | CA75: 5 | CB75: 6 | CC75: 4 | CD75: 5 | CG75: 1
B76: 45755 | BU76: 2 | BV76: 4 | BW76: 5 | BY76: 4 | BZ76: 2 | CA76: 9 | CB76: 4 | CC76: 5 | CD76: 3
B77: 45785 | BU77: 8 | BV77: 5 | BW77: 3 | BX77: 4 | BZ77: 6 | CA77: 3 | CB77: 9 | CC77: 5 | CD77: 4 | CG77: 1
B78: 45816 | BU78: 7 | BV78: 6 | BW78: 2 | BX78: 2 | BY78: 6 | CA78: 4 | CB78: 6 | CC78: 4 | CD78: 4
B79: 45846 | I79: 1 | BU79: 2 | BV79: 6 | BW79: 5 | BX79: 9 | BY79: 3 | BZ79: 4 | CB79: 4 | CC79: 3 | CD79: 2
B80: 45877 | BU80: 3 | BV80: 3 | BW80: 6 | BX80: 4 | BY80: 9 | BZ80: 6 | CA80: 4 | CC80: 3 | CD80: 5 | CG80: 1
B81: 45908 | K81: 1 | BU81: 8 | BV81: 4 | BW81: 4 | BX81: 5 | BY81: 5 | BZ81: 4 | CA81: 3 | CB81: 3 | CD81: 6
B82: 45938 | D82: 1 | E82: 1 | I82: 1 | L82: 1 | BN82: 1 | BQ82: 1 | BR82: 1 | BT82: 1 | BU82: 4 | BV82: 3 | BW82: 5 | BX82: 3 | BY82: 4 | BZ82: 4 | CA82: 2 | CB82: 5 | CC82: 6
A83: TREND 9 | B83: 45666 | AU83: 1 | AV83: 1 | AZ83: 1 | CF83: 4 | CG83: 1 | CH83: 2 | CI83: 7 | CJ83: 7 | CK83: 3 | CL83: 3 | CM83: 9 | CN83: 3
B84: 45697 | N84: 1 | P84: 1 | Q84: 1 | S84: 1 | T84: 1 | V84: 1 | AR84: 1 | AS84: 1 | AZ84: 1 | CE84: 4 | CG84: 2 | CH84: 4 | CI84: 6 | CJ84: 6 | CK84: 6 | CL84: 4 | CM84: 4 | CN84: 4 | CU84: 1
B85: 45725 | AW85: 1 | AZ85: 2 | BW85: 1 | BY85: 1 | CB85: 1 | CE85: 1 | CF85: 2 | CH85: 6 | CI85: 2 | CJ85: 2 | CK85: 6 | CL85: 5 | CM85: 4 | CN85: 3 | CP85: 1 | CQ85: 1 | CX85: 1
B86: 45756 | N86: 1 | P86: 1 | Q86: 1 | S86: 2 | CE86: 2 | CF86: 4 | CG86: 6 | CI86: 4 | CJ86: 2 | CK86: 9 | CL86: 3 | CM86: 6 | CN86: 2
